<?xml version="1.0" encoding="UTF-8"?>
<auxiliary-configuration xmlns="http://www.netbeans.org/ns/auxiliary-configuration/1">
    <connections xmlns="http://jmri.org/xml/schema/auxiliary-configuration/connections-2-9-6.xsd">
        <connection xmlns="" class="jmri.jmrix.lenz.liusb.configurexml.ConnectionConfigXml" disabled="no" manufacturer="Lenz" port="COM5" speed="57600" systemPrefix="X" userName="XpressNet">
            <options>
                <option>
                    <name>FlowControl</name>
                    <value>no flow control (required for Lenz 23151)</value>
                </option>
            </options>
        </connection>
    </connections>
    <startup xmlns="http://jmri.org/xml/schema/auxiliary-configuration/startup-4-3-5.xsd">
        <perform xmlns="" class="apps.configurexml.PerformActionModelXml" name="jmri.jmrit.withrottle.WiThrottleCreationAction" type="Action">
            <property name="systemPrefix" value=""/>
        </perform>
    </startup>
</auxiliary-configuration>
