<?xml version="1.0" encoding="UTF-8"?>
<auxiliary-configuration xmlns="http://www.netbeans.org/ns/auxiliary-configuration/1">
    <classPreferences xmlns="http://jmri.org/xml/schema/auxiliary-configuration/class-preferences-4-3-5.xsd">
        <preferences xmlns="" class="jmri.jmrit.beantable.SignalMastTableAction"/>
        <preferences xmlns="" class="jmri.jmrit.beantable.LogixTableAction"/>
        <preferences xmlns="" class="jmri.jmrit.beantable.TurnoutTableAction"/>
        <preferences xmlns="" class="jmri.jmrit.beantable.LRouteTableAction"/>
        <preferences xmlns="" class="jmri.managers.JmriUserPreferencesManager"/>
        <preferences xmlns="" class="jmri.jmrit.beantable.SensorTableAction"/>
        <preferences xmlns="" class="jmri.jmrit.beantable.SignalHeadTableAction"/>
        <preferences xmlns="" class="jmri.jmrit.beantable.BlockTableAction"/>
        <preferences xmlns="" class="jmri.jmrit.beantable.AudioTableAction"/>
        <preferences xmlns="" class="jmri.jmrit.beantable.SignalGroupTableAction"/>
        <preferences xmlns="" class="jmri.jmrit.beantable.LightTableAction"/>
        <preferences xmlns="" class="jmri.jmrit.beantable.TransitTableAction"/>
        <preferences xmlns="" class="jmri.jmrit.beantable.ReporterTableAction"/>
        <preferences xmlns="" class="jmri.jmrit.beantable.RouteTableAction"/>
        <preferences xmlns="" class="jmri.jmrit.beantable.MemoryTableAction"/>
    </classPreferences>
    <comboBoxLastValue xmlns="http://jmri.org/xml/schema/auxiliary-configuration/combobox-4-3-5.xsd">
        <comboBox xmlns="" lastSelected="Lenz LIUSB" name="Lenz"/>
    </comboBoxLastValue>
    <tableDetails xmlns="http://jmri.org/xml/schema/auxiliary-configuration/table-details-4-3-5.xsd">
        <table xmlns="" name="apps.gui3.dp3.DecoderPro3Window:DecoderPro:roster">
            <columns/>
        </table>
    </tableDetails>
    <windowDetails xmlns="http://jmri.org/xml/schema/auxiliary-configuration/window-details-4-3-5.xsd">
        <window xmlns="" class="apps.gui3.dp3.DecoderPro3Window:DecoderPro" height="600.0" locX="0.0" locY="0.0" width="1024.0"/>
        <window xmlns="" class="apps.gui3.tabbedpreferences.TabbedPreferencesFrame:Preferences" height="475.0" locX="31.0" locY="31.0" width="941.0"/>
        <window xmlns="" class="jmri.jmrit.roster.Roster"/>
    </windowDetails>
</auxiliary-configuration>
