<?xml version="1.0" encoding="UTF-8"?>
<auxiliary-configuration xmlns="http://www.netbeans.org/ns/auxiliary-configuration/1">
    <classPreferences xmlns="http://jmri.org/xml/schema/auxiliary-configuration/class-preferences-4-3-5.xsd">
        <preferences xmlns="" class="jmri.jmrit.beantable.SignalMastTableAction"/>
        <preferences xmlns="" class="jmri.jmrit.beantable.LogixTableAction"/>
        <preferences xmlns="" class="jmri.jmrit.beantable.LRouteTableAction"/>
        <preferences xmlns="" class="jmri.managers.JmriUserPreferencesManager"/>
        <preferences xmlns="" class="jmri.jmrit.beantable.SensorTableAction"/>
        <preferences xmlns="" class="jmri.jmrit.beantable.SignalHeadTableAction"/>
        <preferences xmlns="" class="jmri.jmrit.beantable.BlockTableAction"/>
        <preferences xmlns="" class="jmri.jmrit.beantable.AudioTableAction"/>
        <preferences xmlns="" class="jmri.jmrit.beantable.SignalGroupTableAction"/>
        <preferences xmlns="" class="jmri.jmrit.beantable.LightTableAction"/>
        <preferences xmlns="" class="jmri.jmrit.beantable.TransitTableAction"/>
        <preferences xmlns="" class="jmri.jmrit.beantable.ReporterTableAction"/>
        <preferences xmlns="" class="jmri.jmrit.beantable.RouteTableAction"/>
        <preferences xmlns="" class="jmri.jmrit.beantable.MemoryTableAction"/>
    </classPreferences>
    <comboBoxLastValue xmlns="http://jmri.org/xml/schema/auxiliary-configuration/combobox-4-3-5.xsd">
        <comboBox xmlns="" lastSelected="Lenz LIUSB" name="Lenz"/>
    </comboBoxLastValue>
    <settings xmlns="http://jmri.org/xml/schema/auxiliary-configuration/settings-4-3-5.xsd">
        <setting xmlns="">apps.gui3.dp3.DecoderPro3Window.hideGroups</setting>
        <setting xmlns="">apps.gui3.dp3.DecoderPro3Window.hideSummary</setting>
        <setting xmlns="">jmri.jmrit.display.layoutEditor.LayoutEditor:My Layout.toolBarThin</setting>
    </settings>
    <tableDetails xmlns="http://jmri.org/xml/schema/auxiliary-configuration/table-details-4-3-5.xsd">
        <table xmlns="" name="apps.gui3.dp3.DecoderPro3Window:DecoderPro:roster">
            <columns>
                <column hidden="false" name="Owner" order="8" width="52"/>
                <column hidden="false" name="Manufacturer" order="6" width="85"/>
                <column hidden="false" name="Model" order="7" width="48"/>
                <column hidden="false" name="ID" order="0" width="79"/>
                <column hidden="false" name="Icon" order="2" width="41"/>
                <column hidden="false" name="Road Number" order="5" width="85"/>
                <column hidden="false" name="Date Modified" order="9" width="136"/>
                <column hidden="false" name="Decoder Model" order="3" width="104"/>
                <column hidden="true" name="Protocol" order="10" width="59"/>
                <column hidden="false" name="Road Name" order="4" width="75"/>
                <column hidden="false" name="DCC Address" order="1" width="75"/>
            </columns>
            <sortOrder>
                <sortKey column="0" sortOrder="ASCENDING"/>
                <sortKey column="1" sortOrder="ASCENDING"/>
            </sortOrder>
        </table>
    </tableDetails>
    <windowDetails xmlns="http://jmri.org/xml/schema/auxiliary-configuration/window-details-4-3-5.xsd">
        <window xmlns="" class="Memory Usage Monitor" height="175.0" locX="0.0" locY="0.0" width="394.0"/>
        <window xmlns="" class="jmri.jmrit.roster.swing.RosterFrame$4:BayPtl2/2" height="552.0" locX="0.0" locY="0.0" width="695.0"/>
        <window xmlns="" class="apps.gui3.dp3.DecoderPro3Window:DecoderPro" height="573.0" locX="342.0" locY="35.0" width="1024.0">
            <properties>
                <property>
                    <key>selectedProgrammer</key>
                    <value class="java.lang.String">edit</value>
                </property>
            </properties>
        </window>
        <window xmlns="" class="jmri.jmrix.lenz.swing.mon.XNetMonPane" height="331.0" locX="0.0" locY="0.0" width="664.0"/>
        <window xmlns="" class="apps.gui3.tabbedpreferences.TabbedPreferencesFrame:Preferences" height="475.0" locX="413.0" locY="9.0" width="853.0"/>
        <window xmlns="" class="JMRI System Console" height="557.0" locX="466.0" locY="16.0" width="879.0"/>
        <window xmlns="" class="jmri.jmrix.lenz.swing.systeminfo.SystemInfoFrame:XpressNet System Information" height="181.0" locX="0.0" locY="0.0" width="237.0"/>
        <window xmlns="" class="apps.AppsLaunchFrame:PanelPro" height="263.0" locX="464.0" locY="252.0" width="438.0"/>
        <window xmlns="" class="jmri.jmrit.roster.swing.RosterFrame$4:Boxcar" height="675.0" locX="0.0" locY="0.0" width="771.0"/>
        <window xmlns="" class="jmri.jmrit.display.layoutEditor.LayoutEditor:My Layout" height="728.0" locX="0.0" locY="0.0" width="1366.0"/>
        <window xmlns="" class="jmri.jmrit.simpleclock.SimpleClockFrame" height="439.0" locX="0.0" locY="0.0" width="286.0"/>
        <window xmlns="" class="jmri.jmrit.roster.swing.RosterFrame$4:BayPTL2/2" height="733.0" locX="-8.0" locY="-8.0" width="1366.0"/>
        <window xmlns="" class="jmri.jmrit.roster.swing.RosterFrame$4:E17" height="675.0" locX="498.0" locY="0.0" width="771.0"/>
        <window xmlns="" class="Print Preview: E44.B" height="744.0" locX="-8.0" locY="-8.0" width="1382.0"/>
        <window xmlns="" class="Print Preview: E44.B:1" height="788.0" locX="62.0" locY="62.0" width="660.0"/>
        <window xmlns="" class="jmri.jmrit.roster.Roster"/>
        <window xmlns="" class="jmri.jmrit.symbolicprog.tabbedframe.PaneServiceProgFrame:E60" height="733.0" locX="0.0" locY="0.0" width="771.0"/>
        <window xmlns="" class="Local JMRI throttles" height="239.0" locX="31.0" locY="31.0" width="336.0"/>
        <window xmlns="" class="jmri.jmrit.roster.swing.RosterFrame$4:BayP3/5" height="733.0" locX="518.0" locY="0.0" width="848.0"/>
        <window xmlns="" class="jmri.jmrit.roster.swing.RosterFrame$4:VT98" height="733.0" locX="0.0" locY="0.0" width="1162.0"/>
        <window xmlns="" class="jmri.jmrit.roster.swing.RosterFrame$4:BayDVI" height="570.0" locX="479.0" locY="67.0" width="887.0"/>
        <window xmlns="" class="jmri.jmrix.lenz.swing.liusb.LIUSBConfigFrame:LI-USB Configuration Manager" height="116.0" locX="0.0" locY="0.0" width="397.0"/>
        <window xmlns="" class="jmri.jmrit.roster.swing.RosterFrame$4:BayBBII" height="659.0" locX="353.0" locY="14.0" width="839.0"/>
        <window xmlns="" class="jmri.jmrit.roster.swing.RosterFrame$4:E60" height="675.0" locX="540.0" locY="0.0" width="771.0"/>
        <window xmlns="" class="jmri.jmrit.roster.swing.RosterFrame$4:BayS3/6" height="667.0" locX="426.0" locY="37.0" width="940.0"/>
        <window xmlns="" class="jmri.jmrit.withrottle.UserInterface" height="269.0" locX="12.0" locY="83.0" width="400.0"/>
        <window xmlns="" class="jmri.jmrit.dualdecoder.DualDecoderSelectFrame:Multi-Decoder Control" height="404.0" locX="0.0" locY="0.0" width="179.0"/>
        <window xmlns="" class="jmri.jmrit.roster.swing.RosterFrame$4:BayEG1" height="733.0" locX="369.0" locY="0.0" width="997.0"/>
        <window xmlns="" class="jmri.jmrit.roster.swing.RosterFrame$4:E44.L" height="675.0" locX="595.0" locY="23.0" width="771.0"/>
        <window xmlns="" class="jmri.jmrit.mailreport.ReportFrame" locX="0.0" locY="0.0"/>
        <window xmlns="" class="jmri.jmrit.symbolicprog.tabbedframe.PaneOpsProgFrame:E44.B" height="733.0" locX="1.0" locY="0.0" width="955.0"/>
        <window xmlns="" class="jmri.jmrit.symbolicprog.tabbedframe.PaneServiceProgFrame:E44.L" height="733.0" locX="0.0" locY="0.0" width="771.0"/>
        <window xmlns="" class="Create New Loco" height="508.0" locX="591.0" locY="104.0" width="325.0"/>
        <window xmlns="" class="jmri.jmrit.symbolicprog.tabbedframe.PaneServiceProgFrame:Baggage car" height="733.0" locX="0.0" locY="0.0" width="771.0"/>
        <window xmlns="" class="jmri.jmrit.roster.swing.RosterFrame$4:E44.B" height="675.0" locX="573.0" locY="17.0" width="771.0"/>
        <window xmlns="" class="jmri.jmrit.symbolicprog.tabbedframe.PaneServiceProgFrame:E17" height="733.0" locX="0.0" locY="0.0" width="771.0"/>
        <window xmlns="" class="jmri.jmrit.symbolicprog.tabbedframe.PaneServiceProgFrame:E44.B" height="733.0" locX="174.0" locY="16.0" width="955.0"/>
        <window xmlns="" class="jmri.jmrit.simpleprog.SimpleProgFrame" height="422.0" locX="31.0" locY="14.0" width="338.0"/>
        <window xmlns="" class="PanelPro" height="263.0" locX="439.0" locY="0.0" width="438.0"/>
        <window xmlns="" class="jmri.jmrit.symbolicprog.tabbedframe.PaneServiceProgFrame:VT98" height="733.0" locX="0.0" locY="0.0" width="771.0"/>
        <window xmlns="" class="jmri.jmrit.symbolicprog.tabbedframe.PaneOpsProgFrame:E44.L" height="733.0" locX="0.0" locY="0.0" width="1162.0"/>
        <window xmlns="" class="jmri.jmrit.roster.swing.RosterFrame$4:BayG4/5" height="733.0" locX="534.0" locY="0.0" width="832.0"/>
        <window xmlns="" class="jmri.jmrit.roster.swing.RosterFrame$4:BayBBII:1" height="675.0" locX="373.0" locY="7.0" width="771.0"/>
    </windowDetails>
</auxiliary-configuration>
