<?xml version="1.0" encoding="UTF-8"?>
<?xml-stylesheet href="/xml/XSLT/locomotive.xsl" type="text/xsl"?>
<locomotive-config xmlns:xsi="http://www.w3.org/2001/XMLSchema-instance" xsi:noNamespaceSchemaLocation="http://jmri.org/xml/schema/locomotive-config.xsd">
  <!--Written by JMRI version 4.18+R37ad3d0 on Tue Mar 02 08:52:22 CST 2021-->
  <locomotive id="BayP3/5" fileName="BayP3_5.xml" roadNumber="" roadName="" mfg="Brawa" owner="chauens" model="" dccAddress="3842" comment="" maxSpeed="100" imageFilePath="" iconFilePath="" URL="" IsShuntingOn="F6">
    <dateUpdated>2021-03-02T14:52:22.387+0000</dateUpdated>
    <decoder model="LokSound V4.0 M4 OEM" family="ESU LokSound V4.0" comment="" />
    <locoaddress>
      <dcclocoaddress number="3842" longaddress="yes" />
      <number>3842</number>
      <protocol>dcc_long</protocol>
    </locoaddress>
    <functionlabels>
      <functionlabel num="0" lockable="true" functionImage="" functionImageSelected="">Lights</functionlabel>
      <functionlabel num="1" lockable="true" functionImage="" functionImageSelected="">Sound</functionlabel>
      <functionlabel num="2" lockable="false" functionImage="" functionImageSelected="">Whistle1</functionlabel>
      <functionlabel num="3" lockable="false" functionImage="" functionImageSelected="">Whistle2</functionlabel>
      <functionlabel num="4" lockable="false" functionImage="" functionImageSelected="">Coupler</functionlabel>
      <functionlabel num="5" lockable="false" functionImage="" functionImageSelected="">Bell</functionlabel>
      <functionlabel num="6" lockable="true" functionImage="" functionImageSelected="">Shunting</functionlabel>
    </functionlabels>
    <soundlabels>
      <soundlabel num="25">Random sounds</soundlabel>
      <soundlabel num="26">Automatic brake sound</soundlabel>
      <soundlabel num="27">Gear shift sound</soundlabel>
    </soundlabels>
    <values>
      <decoderDef>
        <varValue item="Sound Configuration Number" value="0" />
        <varValue item="Vstart" value="3" />
        <varValue item="Acceleration" value="16" />
        <varValue item="Deceleration" value="12" />
        <varValue item="Vhigh" value="255" />
        <varValue item="Decoder Version" value="0" />
        <varValue item="Manufacturer ID" value="151" />
        <varValue item="Analog Mode Function Status - F1" value="0" />
        <varValue item="Analog Mode Function Status - F2" value="0" />
        <varValue item="Analog Mode Function Status - F3" value="0" />
        <varValue item="Analog Mode Function Status - F4" value="0" />
        <varValue item="Analog Mode Function Status - F5" value="0" />
        <varValue item="Analog Mode Function Status - F6" value="0" />
        <varValue item="Analog Mode Function Status - F7" value="0" />
        <varValue item="Analog Mode Function Status - F8" value="0" />
        <varValue item="Analog Mode Function Status - FL" value="1" />
        <varValue item="Analog Mode Function Status - F9" value="0" />
        <varValue item="Analog Mode Function Status - F10" value="0" />
        <varValue item="Analog Mode Function Status - F11" value="0" />
        <varValue item="Analog Mode Function Status - F12" value="0" />
        <varValue item="Analog Mode Function Status - F13" value="0" />
        <varValue item="Analog Mode Function Status - F14" value="0" />
        <varValue item="Analog Mode Function Status - F15" value="0" />
        <varValue item="Decoder Lock ID number" value="0" />
        <varValue item="Preset Lock ID number" value="0" />
        <varValue item="ABC brake on Asymmetrical DCC - higher voltage on right rail" value="0" />
        <varValue item="ABC brake on Asymmetrical DCC - higher voltage on left rail" value="0" />
        <varValue item="Brake on Zimo HLU commands" value="0" />
        <varValue item="Brake on DC, polarity against direction" value="1" />
        <varValue item="Brake on DC, polarity same direction" value="1" />
        <varValue item="Constant Brake Distance on speed step 0" value="0" />
        <varValue item="RailCom® Channel 1 Address Broadcast" value="1" />
        <varValue item="RailCom® Channel 2 Data Transmission" value="1" />
        <varValue item="RailCom® Plus Auto Loco Recognition" value="1" />
        <varValue item="RailCom® Enable" value="0" />
        <varValue item="Index register H" value="16" />
        <varValue item="Index register L" value="0" />
        <varValue item="DCC Protocol" value="1" />
        <varValue item="M4 Protocol" value="0" />
        <varValue item="Marklin Motorola® Protocol" value="1" />
        <varValue item="Selectrix® Protocol" value="1" />
        <varValue item="BEMF" value="1" />
        <varValue item="Motor PWM Frequency" value="1" />
        <varValue item="Marklin® Delta Mode" value="0" />
        <varValue item="Marklin Additional Addresses" value="0" />
        <varValue item="Automatic Speed Step Detection" value="1" />
        <varValue item="LGB® Function Button Mode" value="0" />
        <varValue item="ZIMO® Manual Function Mode" value="0" />
        <varValue item="AC Analog Mode" value="1" />
        <varValue item="DC Analog Mode" value="1" />
        <varValue item="Rate for Blinking Effects" value="20" />
        <varValue item="Power Pack Maintain Time" value="50" />
        <varValue item="Remember Current Function States" value="1" />
        <varValue item="Remember Current Speed" value="1" />
        <varValue item="ABC mode reduced speed" value="100" />
        <varValue item="Preserve Driving Direction when Changing from Analog to Digital" value="0" />
        <varValue item="Decoder Lock Enable" value="0" />
        <varValue item="Serial User Standard Interface" value="0" />
        <varValue item="Adaptive Regulation Frequency" value="1" />
        <varValue item="Motor Overload Protection" value="0" />
        <varValue item="Stop immediately on speed step 0" value="0" />
        <varValue item="Start Volts in DC Mode" value="90" />
        <varValue item="Maximum Speed in DC mode" value="130" />
        <varValue item="Start Volts in AC Mode" value="90" />
        <varValue item="Maximum Speed in AC mode" value="130" />
        <varValue item="Analog Mode Function Hysteresis" value="15" />
        <varValue item="Analog Mode Motor Hysteresis" value="5" />
        <varValue item="Grade Crossing Hold Time" value="80" />
        <varValue item="ABC voltage detection threshold" value="12" />
        <varValue item="Fan Speed Trim" value="128" />
        <varValue item="Temperature Trim" value="128" />
        <varValue item="Smoke Unit Automatic Power Off Time" value="120" />
        <varValue item="Preheating Temperature for Secondary Smoke Unit" value="150" />
        <varValue item="Deceleration with Dynamic Brake" value="40" />
        <varValue item="Auto Uncoupling Speed" value="0" />
        <varValue item="Auto Uncoupling Remove Time" value="0" />
        <varValue item="Auto Uncoupling Push Time" value="0" />
        <varValue item="Constant Brake Time" value="0" />
        <varValue item="Constant Brake Distance Forward" value="0" />
        <varValue item="Constant Brake Distance Backward" value="0" />
        <varValue item="Firmware Build Number" value="0" />
        <varValue item="Firmware Minor Version" value="0" />
        <varValue item="Firmware Major Version" value="0" />
        <varValue item="PICV" value="31" />
        <varValue item="SICV" value="32" />
        <varValue item="Primary Address" value="0" />
        <varValue item="Extended Address" value="3842" />
        <varValue item="Address Format" value="1" />
        <varValue item="Locomotive Direction In Consist" value="0" />
        <varValue item="Advanced Consist Address" value="0" />
        <varValue item="Consist Address Active For F1" value="0" />
        <varValue item="Consist Address Active For F2" value="0" />
        <varValue item="Consist Address Active For F3" value="0" />
        <varValue item="Consist Address Active For F4" value="0" />
        <varValue item="Consist Address Active For F5" value="0" />
        <varValue item="Consist Address Active For F6" value="0" />
        <varValue item="Consist Address Active For F7" value="0" />
        <varValue item="Consist Address Active For F8" value="0" />
        <varValue item="Consist Address Active For F0" value="0" />
        <varValue item="Consist Address Active For F9" value="0" />
        <varValue item="Consist Address Active For F10" value="0" />
        <varValue item="Consist Address Active For F11" value="0" />
        <varValue item="Consist Address Active For F12" value="0" />
        <varValue item="Consist Address Active For F13" value="0" />
        <varValue item="Consist Address Active For F14" value="0" />
        <varValue item="Consist Address Active For F15" value="0" />
        <varValue item="Locomotive Direction" value="0" />
        <varValue item="Speed Steps" value="0" />
        <varValue item="Power Source Conversion" value="0" />
        <varValue item="BEMF Parameter 'I' Slow" value="0" />
        <varValue item="BEMF Parameter 'K' Slow" value="15" />
        <varValue item="BEMF Reference Voltage" value="140" />
        <varValue item="BEMF Parameter 'K'" value="50" />
        <varValue item="BEMF Parameter 'I'" value="100" />
        <varValue item="BEMF Control Range" value="255" />
        <varValue item="BEMF Sampling Period" value="8" />
        <varValue item="Forward Trim" value="128" />
        <varValue item="Speed Table" value="1,10,19,29,38,48,57,66,76,85,95,104,113,123,132,142,151,160,170,179,189,198,207,217,226,236,245,255" />
        <varValue item="Reverse Trim" value="128" />
        <varValue item="User ID #1 (0-255)" value="0" />
        <varValue item="User ID #2 (0-255)" value="0" />
        <varValue item="Product ID" value="0" />
        <varValue item="(decimal)" value="0" />
        <varValue item="Serial Number" value="0" />
        <varValue item="Production Date" value="Jan 1, 2000" />
        <varValue item="Production Info" value="0" />
        <varValue item="Bootcode Build Build Number" value="0" />
        <varValue item="Bootcode Minor Version" value="0" />
        <varValue item="Bootcode Major Version" value="0" />
        <varValue item="Bootcode Date" value="Jan 1, 2000" />
        <varValue item="Firmware Build Number" value="0" />
        <varValue item="Firmware Minor Version" value="0" />
        <varValue item="Firmware Major Version" value="0" />
        <varValue item="Firmware Date" value="Jan 1, 2000" />
        <varValue item="Firmware Type" value="0" />
        <varValue item="Loco Name" value="0" />
        <varValue item="Loco Type" value="0" />
        <varValue item="Chuff spacing speed step 1" value="143" />
        <varValue item="Chuff spacing decrease rate" value="43" />
        <varValue item="Min sound playback speed" value="128" />
        <varValue item="Max sound playback speed" value="160" />
        <varValue item="Minimum time between sounds" value="120" />
        <varValue item="Maximum time between sounds" value="200" />
        <varValue item="Master Sound Volume" value="180" />
        <varValue item="Brake Sound On Threshold" value="100" />
        <varValue item="Brake Sound Off Threshold" value="25" />
        <varValue item="Lock current speed during Heavy Load" value="1" />
        <varValue item="Sound acceleration amount" value="6" />
        <varValue item="Lock current speed during Coast Mode" value="0" />
        <varValue item="Sound deceleration amount" value="6" />
        <varValue item="Delay Starting if Drive Sound Enabled" value="1" />
        <varValue item="Sound Volume when Faded" value="128" />
        <varValue item="Smoke Unit Minimum Steam Chuff Duration" value="20" />
        <varValue item="Smoke Unit Maximum Steam Chuff Duration" value="122" />
        <varValue item="Smoke Unit Chuff Duration rel. to trig. dist." value="102" />
        <varValue item="Chuff minimum spacing" value="0" />
        <varValue item="Chuff secondary trigger" value="0" />
        <varValue item="Sound Slot 1 Volume" value="128" />
        <varValue item="Requires Drive Sound" value="0" />
        <varValue item="Min sound playback speed" value="128" />
        <varValue item="Max sound playback speed" value="128" />
        <varValue item="Sound Slot 2 Volume" value="128" />
        <varValue item="Requires Drive Sound" value="0" />
        <varValue item="Min sound playback speed" value="128" />
        <varValue item="Max sound playback speed" value="128" />
        <varValue item="Sound Slot 3 Volume" value="128" />
        <varValue item="Requires Drive Sound" value="0" />
        <varValue item="Min sound playback speed" value="128" />
        <varValue item="Max sound playback speed" value="128" />
        <varValue item="Sound Slot 4 Volume" value="128" />
        <varValue item="Requires Drive Sound" value="0" />
        <varValue item="Min sound playback speed" value="128" />
        <varValue item="Max sound playback speed" value="128" />
        <varValue item="Sound Slot 5 Volume" value="128" />
        <varValue item="Requires Drive Sound" value="0" />
        <varValue item="Min sound playback speed" value="128" />
        <varValue item="Max sound playback speed" value="128" />
        <varValue item="Sound Slot 6 Volume" value="128" />
        <varValue item="Requires Drive Sound" value="0" />
        <varValue item="Min sound playback speed" value="128" />
        <varValue item="Max sound playback speed" value="128" />
        <varValue item="Sound Slot 7 Volume" value="128" />
        <varValue item="Requires Drive Sound" value="0" />
        <varValue item="Min sound playback speed" value="128" />
        <varValue item="Max sound playback speed" value="128" />
        <varValue item="Sound Slot 8 Volume" value="128" />
        <varValue item="Requires Drive Sound" value="0" />
        <varValue item="Min sound playback speed" value="128" />
        <varValue item="Max sound playback speed" value="128" />
        <varValue item="Sound Slot 9 Volume" value="128" />
        <varValue item="Requires Drive Sound" value="0" />
        <varValue item="Min sound playback speed" value="128" />
        <varValue item="Max sound playback speed" value="128" />
        <varValue item="Sound Slot 10 Volume" value="128" />
        <varValue item="Requires Drive Sound" value="0" />
        <varValue item="Min sound playback speed" value="128" />
        <varValue item="Max sound playback speed" value="128" />
        <varValue item="Sound Slot 11 Volume" value="128" />
        <varValue item="Requires Drive Sound" value="0" />
        <varValue item="Min sound playback speed" value="128" />
        <varValue item="Max sound playback speed" value="128" />
        <varValue item="Sound Slot 12 Volume" value="128" />
        <varValue item="Requires Drive Sound" value="0" />
        <varValue item="Min sound playback speed" value="128" />
        <varValue item="Max sound playback speed" value="128" />
        <varValue item="Sound Slot 13 Volume" value="128" />
        <varValue item="Requires Drive Sound" value="0" />
        <varValue item="Min sound playback speed" value="128" />
        <varValue item="Max sound playback speed" value="128" />
        <varValue item="Sound Slot 14 Volume" value="128" />
        <varValue item="Requires Drive Sound" value="0" />
        <varValue item="Min sound playback speed" value="128" />
        <varValue item="Max sound playback speed" value="128" />
        <varValue item="Sound Slot 15 Volume" value="128" />
        <varValue item="Requires Drive Sound" value="0" />
        <varValue item="Min sound playback speed" value="128" />
        <varValue item="Max sound playback speed" value="128" />
        <varValue item="Sound Slot 16 Volume" value="128" />
        <varValue item="Requires Drive Sound" value="0" />
        <varValue item="Min sound playback speed" value="128" />
        <varValue item="Max sound playback speed" value="128" />
        <varValue item="Sound Slot 17 Volume" value="128" />
        <varValue item="Requires Drive Sound" value="0" />
        <varValue item="Min sound playback speed" value="128" />
        <varValue item="Max sound playback speed" value="128" />
        <varValue item="Sound Slot 18 Volume" value="128" />
        <varValue item="Requires Drive Sound" value="0" />
        <varValue item="Min sound playback speed" value="128" />
        <varValue item="Max sound playback speed" value="128" />
        <varValue item="Sound Slot 19 Volume" value="128" />
        <varValue item="Requires Drive Sound" value="0" />
        <varValue item="Min sound playback speed" value="128" />
        <varValue item="Max sound playback speed" value="128" />
        <varValue item="Sound Slot 20 Volume" value="128" />
        <varValue item="Requires Drive Sound" value="0" />
        <varValue item="Min sound playback speed" value="128" />
        <varValue item="Max sound playback speed" value="128" />
        <varValue item="Sound Slot 21 Volume" value="128" />
        <varValue item="Requires Drive Sound" value="0" />
        <varValue item="Min sound playback speed" value="128" />
        <varValue item="Max sound playback speed" value="128" />
        <varValue item="Sound Slot 22 Volume" value="128" />
        <varValue item="Requires Drive Sound" value="0" />
        <varValue item="Min sound playback speed" value="128" />
        <varValue item="Max sound playback speed" value="128" />
        <varValue item="Sound Slot 23 Volume" value="128" />
        <varValue item="Requires Drive Sound" value="0" />
        <varValue item="Min sound playback speed" value="128" />
        <varValue item="Max sound playback speed" value="128" />
        <varValue item="Sound Slot 24 Volume" value="128" />
        <varValue item="Requires Drive Sound" value="0" />
        <varValue item="Min sound playback speed" value="128" />
        <varValue item="Max sound playback speed" value="128" />
        <varValue item="Random Sounds volume" value="128" />
        <varValue item="Requires Drive Sound" value="1" />
        <varValue item="Min sound playback speed" value="128" />
        <varValue item="Max sound playback speed" value="128" />
        <varValue item="Brake Sound volume" value="128" />
        <varValue item="Requires Drive Sound" value="1" />
        <varValue item="Min sound playback speed" value="128" />
        <varValue item="Max sound playback speed" value="128" />
        <varValue item="Gear Shift Sound volume" value="128" />
        <varValue item="Requires Drive Sound" value="1" />
        <varValue item="Min sound playback speed" value="128" />
        <varValue item="Max sound playback speed" value="128" />
        <varValue item="Headlight [1] Mode" value="1" />
        <varValue item="Function Switch On Delay" value="0" />
        <varValue item="Function Switch Off Delay" value="0" />
        <varValue item="Function Auto Switch Off" value="0" />
        <varValue item="Brightness CV" value="31" />
        <varValue item="Brightness" value="31" />
        <varValue item="Mode" value="1" />
        <varValue item="Coupler Force" value="31" />
        <varValue item="Fan Speed" value="31" />
        <varValue item="Standing heat" value="31" />
        <varValue item="Chuff power" value="31" />
        <varValue item="Duration (speed)" value="31" />
        <varValue item="Special Function CV 1" value="0" />
        <varValue item="Fan Acceleration rate" value="0" />
        <varValue item="Minimum driving heat" value="0" />
        <varValue item="Position A" value="0" />
        <varValue item="Fan power" value="0" />
        <varValue item="Phase Reverse" value="0" />
        <varValue item="Grade Crossing" value="0" />
        <varValue item="Rule 17 Fwd" value="0" />
        <varValue item="Rule 17 Rev" value="0" />
        <varValue item="Dimmer" value="0" />
        <varValue item="LED Mode" value="0" />
        <varValue item="Special Function CV 2" value="0" />
        <varValue item="Fan Decceleration rate" value="0" />
        <varValue item="Maximum driving heat" value="0" />
        <varValue item="Timeout" value="0" />
        <varValue item="Startup Time" value="0" />
        <varValue item="Position B" value="0" />
        <varValue item="Rearlight [1] Mode" value="1" />
        <varValue item="Function Switch On Delay" value="0" />
        <varValue item="Function Switch Off Delay" value="0" />
        <varValue item="Function Auto Switch Off" value="0" />
        <varValue item="Brightness CV" value="31" />
        <varValue item="Brightness" value="31" />
        <varValue item="Mode" value="1" />
        <varValue item="Coupler Force" value="31" />
        <varValue item="Fan Speed" value="31" />
        <varValue item="Standing heat" value="31" />
        <varValue item="Chuff power" value="31" />
        <varValue item="Duration (speed)" value="31" />
        <varValue item="Special Function CV 1" value="0" />
        <varValue item="Fan Acceleration rate" value="0" />
        <varValue item="Minimum driving heat" value="0" />
        <varValue item="Position A" value="0" />
        <varValue item="Fan power" value="0" />
        <varValue item="Phase Reverse" value="0" />
        <varValue item="Grade Crossing" value="0" />
        <varValue item="Rule 17 Fwd" value="0" />
        <varValue item="Rule 17 Rev" value="0" />
        <varValue item="Dimmer" value="0" />
        <varValue item="LED Mode" value="0" />
        <varValue item="Special Function CV 2" value="0" />
        <varValue item="Fan Decceleration rate" value="0" />
        <varValue item="Maximum driving heat" value="0" />
        <varValue item="Timeout" value="0" />
        <varValue item="Startup Time" value="0" />
        <varValue item="Position B" value="0" />
        <varValue item="AUX1 [1] Mode" value="1" />
        <varValue item="Function Switch On Delay" value="0" />
        <varValue item="Function Switch Off Delay" value="0" />
        <varValue item="Function Auto Switch Off" value="0" />
        <varValue item="Brightness CV" value="31" />
        <varValue item="Brightness" value="31" />
        <varValue item="Mode" value="1" />
        <varValue item="Coupler Force" value="31" />
        <varValue item="Fan Speed" value="31" />
        <varValue item="Standing heat" value="31" />
        <varValue item="Chuff power" value="31" />
        <varValue item="Duration (speed)" value="31" />
        <varValue item="Special Function CV 1" value="0" />
        <varValue item="Fan Acceleration rate" value="0" />
        <varValue item="Minimum driving heat" value="0" />
        <varValue item="Position A" value="0" />
        <varValue item="Fan power" value="0" />
        <varValue item="Phase Reverse" value="0" />
        <varValue item="Grade Crossing" value="0" />
        <varValue item="Rule 17 Fwd" value="0" />
        <varValue item="Rule 17 Rev" value="0" />
        <varValue item="Dimmer" value="0" />
        <varValue item="LED Mode" value="0" />
        <varValue item="Special Function CV 2" value="0" />
        <varValue item="Fan Decceleration rate" value="0" />
        <varValue item="Maximum driving heat" value="0" />
        <varValue item="Timeout" value="0" />
        <varValue item="Startup Time" value="0" />
        <varValue item="Position B" value="0" />
        <varValue item="AUX2 [1] Mode" value="1" />
        <varValue item="Function Switch On Delay" value="0" />
        <varValue item="Function Switch Off Delay" value="0" />
        <varValue item="Function Auto Switch Off" value="0" />
        <varValue item="Brightness CV" value="31" />
        <varValue item="Brightness" value="31" />
        <varValue item="Mode" value="1" />
        <varValue item="Coupler Force" value="31" />
        <varValue item="Fan Speed" value="31" />
        <varValue item="Standing heat" value="31" />
        <varValue item="Chuff power" value="31" />
        <varValue item="Duration (speed)" value="31" />
        <varValue item="Special Function CV 1" value="0" />
        <varValue item="Fan Acceleration rate" value="0" />
        <varValue item="Minimum driving heat" value="0" />
        <varValue item="Position A" value="0" />
        <varValue item="Fan power" value="0" />
        <varValue item="Phase Reverse" value="0" />
        <varValue item="Grade Crossing" value="0" />
        <varValue item="Rule 17 Fwd" value="0" />
        <varValue item="Rule 17 Rev" value="0" />
        <varValue item="Dimmer" value="0" />
        <varValue item="LED Mode" value="0" />
        <varValue item="Special Function CV 2" value="0" />
        <varValue item="Fan Decceleration rate" value="0" />
        <varValue item="Maximum driving heat" value="0" />
        <varValue item="Timeout" value="0" />
        <varValue item="Startup Time" value="0" />
        <varValue item="Position B" value="0" />
        <varValue item="AUX3 Mode" value="1" />
        <varValue item="Function Switch On Delay" value="0" />
        <varValue item="Function Switch Off Delay" value="0" />
        <varValue item="Function Auto Switch Off" value="0" />
        <varValue item="Brightness CV" value="31" />
        <varValue item="Brightness" value="31" />
        <varValue item="Mode" value="1" />
        <varValue item="Coupler Force" value="31" />
        <varValue item="Fan Speed" value="31" />
        <varValue item="Standing heat" value="31" />
        <varValue item="Chuff power" value="31" />
        <varValue item="Duration (speed)" value="31" />
        <varValue item="Special Function CV 1" value="0" />
        <varValue item="Fan Acceleration rate" value="0" />
        <varValue item="Minimum driving heat" value="0" />
        <varValue item="Position A" value="0" />
        <varValue item="Fan power" value="0" />
        <varValue item="Phase Reverse" value="0" />
        <varValue item="Grade Crossing" value="0" />
        <varValue item="Rule 17 Fwd" value="0" />
        <varValue item="Rule 17 Rev" value="0" />
        <varValue item="Dimmer" value="0" />
        <varValue item="LED Mode" value="0" />
        <varValue item="Special Function CV 2" value="0" />
        <varValue item="Fan Decceleration rate" value="0" />
        <varValue item="Maximum driving heat" value="0" />
        <varValue item="Timeout" value="0" />
        <varValue item="Startup Time" value="0" />
        <varValue item="Position B" value="0" />
        <varValue item="AUX4 Mode" value="1" />
        <varValue item="Function Switch On Delay" value="0" />
        <varValue item="Function Switch Off Delay" value="0" />
        <varValue item="Function Auto Switch Off" value="0" />
        <varValue item="Brightness CV" value="31" />
        <varValue item="Brightness" value="31" />
        <varValue item="Mode" value="1" />
        <varValue item="Coupler Force" value="31" />
        <varValue item="Fan Speed" value="31" />
        <varValue item="Standing heat" value="31" />
        <varValue item="Chuff power" value="31" />
        <varValue item="Duration (speed)" value="31" />
        <varValue item="Special Function CV 1" value="0" />
        <varValue item="Fan Acceleration rate" value="0" />
        <varValue item="Minimum driving heat" value="0" />
        <varValue item="Position A" value="0" />
        <varValue item="Fan power" value="0" />
        <varValue item="Phase Reverse" value="0" />
        <varValue item="Grade Crossing" value="0" />
        <varValue item="Rule 17 Fwd" value="0" />
        <varValue item="Rule 17 Rev" value="0" />
        <varValue item="Dimmer" value="0" />
        <varValue item="LED Mode" value="0" />
        <varValue item="Special Function CV 2" value="0" />
        <varValue item="Fan Decceleration rate" value="0" />
        <varValue item="Maximum driving heat" value="0" />
        <varValue item="Timeout" value="0" />
        <varValue item="Startup Time" value="0" />
        <varValue item="Position B" value="0" />
        <varValue item="Headlight [2] Mode" value="1" />
        <varValue item="Function Switch On Delay" value="0" />
        <varValue item="Function Switch Off Delay" value="0" />
        <varValue item="Function Auto Switch Off" value="0" />
        <varValue item="Brightness CV" value="31" />
        <varValue item="Brightness" value="31" />
        <varValue item="Mode" value="1" />
        <varValue item="Coupler Force" value="31" />
        <varValue item="Fan Speed" value="31" />
        <varValue item="Standing heat" value="31" />
        <varValue item="Chuff power" value="31" />
        <varValue item="Duration (speed)" value="31" />
        <varValue item="Special Function CV 1" value="0" />
        <varValue item="Fan Acceleration rate" value="0" />
        <varValue item="Minimum driving heat" value="0" />
        <varValue item="Position A" value="0" />
        <varValue item="Fan power" value="0" />
        <varValue item="Phase Reverse" value="0" />
        <varValue item="Grade Crossing" value="0" />
        <varValue item="Rule 17 Fwd" value="0" />
        <varValue item="Rule 17 Rev" value="0" />
        <varValue item="Dimmer" value="0" />
        <varValue item="LED Mode" value="0" />
        <varValue item="Special Function CV 2" value="0" />
        <varValue item="Fan Decceleration rate" value="0" />
        <varValue item="Maximum driving heat" value="0" />
        <varValue item="Timeout" value="0" />
        <varValue item="Startup Time" value="0" />
        <varValue item="Position B" value="0" />
        <varValue item="Rearlight [2] Mode" value="1" />
        <varValue item="Function Switch On Delay" value="0" />
        <varValue item="Function Switch Off Delay" value="0" />
        <varValue item="Function Auto Switch Off" value="0" />
        <varValue item="Brightness CV" value="31" />
        <varValue item="Brightness" value="31" />
        <varValue item="Mode" value="1" />
        <varValue item="Coupler Force" value="31" />
        <varValue item="Fan Speed" value="31" />
        <varValue item="Standing heat" value="31" />
        <varValue item="Chuff power" value="31" />
        <varValue item="Duration (speed)" value="31" />
        <varValue item="Special Function CV 1" value="0" />
        <varValue item="Fan Acceleration rate" value="0" />
        <varValue item="Minimum driving heat" value="0" />
        <varValue item="Position A" value="0" />
        <varValue item="Fan power" value="0" />
        <varValue item="Phase Reverse" value="0" />
        <varValue item="Grade Crossing" value="0" />
        <varValue item="Rule 17 Fwd" value="0" />
        <varValue item="Rule 17 Rev" value="0" />
        <varValue item="Dimmer" value="0" />
        <varValue item="LED Mode" value="0" />
        <varValue item="Special Function CV 2" value="0" />
        <varValue item="Fan Decceleration rate" value="0" />
        <varValue item="Maximum driving heat" value="0" />
        <varValue item="Timeout" value="0" />
        <varValue item="Startup Time" value="0" />
        <varValue item="Position B" value="0" />
        <varValue item="AUX1 [2] Mode" value="1" />
        <varValue item="Function Switch On Delay" value="0" />
        <varValue item="Function Switch Off Delay" value="0" />
        <varValue item="Function Auto Switch Off" value="0" />
        <varValue item="Brightness CV" value="31" />
        <varValue item="Brightness" value="31" />
        <varValue item="Mode" value="1" />
        <varValue item="Coupler Force" value="31" />
        <varValue item="Fan Speed" value="31" />
        <varValue item="Standing heat" value="31" />
        <varValue item="Chuff power" value="31" />
        <varValue item="Duration (speed)" value="31" />
        <varValue item="Special Function CV 1" value="0" />
        <varValue item="Fan Acceleration rate" value="0" />
        <varValue item="Minimum driving heat" value="0" />
        <varValue item="Position A" value="0" />
        <varValue item="Fan power" value="0" />
        <varValue item="Phase Reverse" value="0" />
        <varValue item="Grade Crossing" value="0" />
        <varValue item="Rule 17 Fwd" value="0" />
        <varValue item="Rule 17 Rev" value="0" />
        <varValue item="Dimmer" value="0" />
        <varValue item="LED Mode" value="0" />
        <varValue item="Special Function CV 2" value="0" />
        <varValue item="Fan Decceleration rate" value="0" />
        <varValue item="Maximum driving heat" value="0" />
        <varValue item="Timeout" value="0" />
        <varValue item="Startup Time" value="0" />
        <varValue item="Position B" value="0" />
        <varValue item="AUX2 [2] Mode" value="1" />
        <varValue item="Function Switch On Delay" value="0" />
        <varValue item="Function Switch Off Delay" value="0" />
        <varValue item="Function Auto Switch Off" value="0" />
        <varValue item="Brightness CV" value="31" />
        <varValue item="Brightness" value="31" />
        <varValue item="Mode" value="1" />
        <varValue item="Coupler Force" value="31" />
        <varValue item="Fan Speed" value="31" />
        <varValue item="Standing heat" value="31" />
        <varValue item="Chuff power" value="31" />
        <varValue item="Duration (speed)" value="31" />
        <varValue item="Special Function CV 1" value="0" />
        <varValue item="Fan Acceleration rate" value="0" />
        <varValue item="Minimum driving heat" value="0" />
        <varValue item="Position A" value="0" />
        <varValue item="Fan power" value="0" />
        <varValue item="Phase Reverse" value="0" />
        <varValue item="Grade Crossing" value="0" />
        <varValue item="Rule 17 Fwd" value="0" />
        <varValue item="Rule 17 Rev" value="0" />
        <varValue item="Dimmer" value="0" />
        <varValue item="LED Mode" value="0" />
        <varValue item="Special Function CV 2" value="0" />
        <varValue item="Fan Decceleration rate" value="0" />
        <varValue item="Maximum driving heat" value="0" />
        <varValue item="Timeout" value="0" />
        <varValue item="Startup Time" value="0" />
        <varValue item="Position B" value="0" />
        <varValue item="AUX5 Mode" value="1" />
        <varValue item="Function Switch On Delay" value="0" />
        <varValue item="Function Switch Off Delay" value="0" />
        <varValue item="Function Auto Switch Off" value="0" />
        <varValue item="Brightness CV" value="31" />
        <varValue item="Brightness" value="31" />
        <varValue item="Mode" value="1" />
        <varValue item="Coupler Force" value="31" />
        <varValue item="Fan Speed" value="31" />
        <varValue item="Standing heat" value="31" />
        <varValue item="Chuff power" value="31" />
        <varValue item="Duration (speed)" value="31" />
        <varValue item="Special Function CV 1" value="0" />
        <varValue item="Fan Acceleration rate" value="0" />
        <varValue item="Minimum driving heat" value="0" />
        <varValue item="Position A" value="0" />
        <varValue item="Fan power" value="0" />
        <varValue item="Phase Reverse" value="0" />
        <varValue item="Grade Crossing" value="0" />
        <varValue item="Rule 17 Fwd" value="0" />
        <varValue item="Rule 17 Rev" value="0" />
        <varValue item="Dimmer" value="0" />
        <varValue item="LED Mode" value="0" />
        <varValue item="Special Function CV 2" value="0" />
        <varValue item="Fan Decceleration rate" value="0" />
        <varValue item="Maximum driving heat" value="0" />
        <varValue item="Timeout" value="0" />
        <varValue item="Startup Time" value="0" />
        <varValue item="Position B" value="0" />
        <varValue item="AUX6 Mode" value="1" />
        <varValue item="Function Switch On Delay" value="0" />
        <varValue item="Function Switch Off Delay" value="0" />
        <varValue item="Function Auto Switch Off" value="0" />
        <varValue item="Brightness CV" value="31" />
        <varValue item="Brightness" value="31" />
        <varValue item="Mode" value="1" />
        <varValue item="Coupler Force" value="31" />
        <varValue item="Fan Speed" value="31" />
        <varValue item="Standing heat" value="31" />
        <varValue item="Chuff power" value="31" />
        <varValue item="Duration (speed)" value="31" />
        <varValue item="Special Function CV 1" value="0" />
        <varValue item="Fan Acceleration rate" value="0" />
        <varValue item="Minimum driving heat" value="0" />
        <varValue item="Position A" value="0" />
        <varValue item="Fan power" value="0" />
        <varValue item="Phase Reverse" value="0" />
        <varValue item="Grade Crossing" value="0" />
        <varValue item="Rule 17 Fwd" value="0" />
        <varValue item="Rule 17 Rev" value="0" />
        <varValue item="Dimmer" value="0" />
        <varValue item="LED Mode" value="0" />
        <varValue item="Special Function CV 2" value="0" />
        <varValue item="Fan Decceleration rate" value="0" />
        <varValue item="Maximum driving heat" value="0" />
        <varValue item="Timeout" value="0" />
        <varValue item="Startup Time" value="0" />
        <varValue item="Position B" value="0" />
        <varValue item="AUX7 Mode" value="1" />
        <varValue item="Function Switch On Delay" value="0" />
        <varValue item="Function Switch Off Delay" value="0" />
        <varValue item="Function Auto Switch Off" value="0" />
        <varValue item="Brightness CV" value="31" />
        <varValue item="Brightness" value="31" />
        <varValue item="Mode" value="1" />
        <varValue item="Coupler Force" value="31" />
        <varValue item="Fan Speed" value="31" />
        <varValue item="Standing heat" value="31" />
        <varValue item="Chuff power" value="31" />
        <varValue item="Duration (speed)" value="31" />
        <varValue item="Special Function CV 1" value="0" />
        <varValue item="Fan Acceleration rate" value="0" />
        <varValue item="Minimum driving heat" value="0" />
        <varValue item="Position A" value="0" />
        <varValue item="Fan power" value="0" />
        <varValue item="Phase Reverse" value="0" />
        <varValue item="Grade Crossing" value="0" />
        <varValue item="Rule 17 Fwd" value="0" />
        <varValue item="Rule 17 Rev" value="0" />
        <varValue item="Dimmer" value="0" />
        <varValue item="LED Mode" value="0" />
        <varValue item="Special Function CV 2" value="0" />
        <varValue item="Fan Decceleration rate" value="0" />
        <varValue item="Maximum driving heat" value="0" />
        <varValue item="Timeout" value="0" />
        <varValue item="Startup Time" value="0" />
        <varValue item="Position B" value="0" />
        <varValue item="AUX8 Mode" value="1" />
        <varValue item="Function Switch On Delay" value="0" />
        <varValue item="Function Switch Off Delay" value="0" />
        <varValue item="Function Auto Switch Off" value="0" />
        <varValue item="Brightness CV" value="31" />
        <varValue item="Brightness" value="31" />
        <varValue item="Mode" value="1" />
        <varValue item="Coupler Force" value="31" />
        <varValue item="Fan Speed" value="31" />
        <varValue item="Standing heat" value="31" />
        <varValue item="Chuff power" value="31" />
        <varValue item="Duration (speed)" value="31" />
        <varValue item="Special Function CV 1" value="0" />
        <varValue item="Fan Acceleration rate" value="0" />
        <varValue item="Minimum driving heat" value="0" />
        <varValue item="Position A" value="0" />
        <varValue item="Fan power" value="0" />
        <varValue item="Phase Reverse" value="0" />
        <varValue item="Grade Crossing" value="0" />
        <varValue item="Rule 17 Fwd" value="0" />
        <varValue item="Rule 17 Rev" value="0" />
        <varValue item="Dimmer" value="0" />
        <varValue item="LED Mode" value="0" />
        <varValue item="Special Function CV 2" value="0" />
        <varValue item="Fan Decceleration rate" value="0" />
        <varValue item="Maximum driving heat" value="0" />
        <varValue item="Timeout" value="0" />
        <varValue item="Startup Time" value="0" />
        <varValue item="Position B" value="0" />
        <varValue item="AUX9 Mode" value="1" />
        <varValue item="Function Switch On Delay" value="0" />
        <varValue item="Function Switch Off Delay" value="0" />
        <varValue item="Function Auto Switch Off" value="0" />
        <varValue item="Brightness CV" value="31" />
        <varValue item="Brightness" value="31" />
        <varValue item="Mode" value="1" />
        <varValue item="Coupler Force" value="31" />
        <varValue item="Fan Speed" value="31" />
        <varValue item="Standing heat" value="31" />
        <varValue item="Chuff power" value="31" />
        <varValue item="Duration (speed)" value="31" />
        <varValue item="Special Function CV 1" value="0" />
        <varValue item="Fan Acceleration rate" value="0" />
        <varValue item="Minimum driving heat" value="0" />
        <varValue item="Position A" value="0" />
        <varValue item="Fan power" value="0" />
        <varValue item="Phase Reverse" value="0" />
        <varValue item="Grade Crossing" value="0" />
        <varValue item="Rule 17 Fwd" value="0" />
        <varValue item="Rule 17 Rev" value="0" />
        <varValue item="Dimmer" value="0" />
        <varValue item="LED Mode" value="0" />
        <varValue item="Special Function CV 2" value="0" />
        <varValue item="Fan Decceleration rate" value="0" />
        <varValue item="Maximum driving heat" value="0" />
        <varValue item="Timeout" value="0" />
        <varValue item="Startup Time" value="0" />
        <varValue item="Position B" value="0" />
        <varValue item="AUX10 Mode" value="1" />
        <varValue item="Function Switch On Delay" value="0" />
        <varValue item="Function Switch Off Delay" value="0" />
        <varValue item="Function Auto Switch Off" value="0" />
        <varValue item="Brightness CV" value="31" />
        <varValue item="Brightness" value="31" />
        <varValue item="Mode" value="1" />
        <varValue item="Coupler Force" value="31" />
        <varValue item="Fan Speed" value="31" />
        <varValue item="Standing heat" value="31" />
        <varValue item="Chuff power" value="31" />
        <varValue item="Duration (speed)" value="31" />
        <varValue item="Special Function CV 1" value="0" />
        <varValue item="Fan Acceleration rate" value="0" />
        <varValue item="Minimum driving heat" value="0" />
        <varValue item="Position A" value="0" />
        <varValue item="Fan power" value="0" />
        <varValue item="Phase Reverse" value="0" />
        <varValue item="Grade Crossing" value="0" />
        <varValue item="Rule 17 Fwd" value="0" />
        <varValue item="Rule 17 Rev" value="0" />
        <varValue item="Dimmer" value="0" />
        <varValue item="LED Mode" value="0" />
        <varValue item="Special Function CV 2" value="0" />
        <varValue item="Fan Decceleration rate" value="0" />
        <varValue item="Maximum driving heat" value="0" />
        <varValue item="Timeout" value="0" />
        <varValue item="Startup Time" value="0" />
        <varValue item="Position B" value="0" />
        <varValue item="F0 controls SF0" value="1" />
        <varValue item="F0 controls SF1" value="0" />
        <varValue item="F0 controls SF2" value="0" />
        <varValue item="F0 controls SF3" value="0" />
        <varValue item="F0 controls SF4" value="0" />
        <varValue item="F0 controls SF5" value="0" />
        <varValue item="F0 controls SF6" value="0" />
        <varValue item="F0 controls SF7" value="0" />
        <varValue item="F0 controls SF8" value="0" />
        <varValue item="F0 controls SF9" value="0" />
        <varValue item="F0 controls SF10" value="0" />
        <varValue item="F0 controls SF11" value="0" />
        <varValue item="F0 controls SF12" value="0" />
        <varValue item="F0 controls SF13" value="0" />
        <varValue item="F0 controls SF14" value="0" />
        <varValue item="F0 controls SF15" value="0" />
        <varValue item="F1 controls SF0" value="0" />
        <varValue item="F1 controls SF1" value="1" />
        <varValue item="F1 controls SF2" value="0" />
        <varValue item="F1 controls SF3" value="0" />
        <varValue item="F1 controls SF4" value="0" />
        <varValue item="F1 controls SF5" value="0" />
        <varValue item="F1 controls SF6" value="0" />
        <varValue item="F1 controls SF7" value="0" />
        <varValue item="F1 controls SF8" value="0" />
        <varValue item="F1 controls SF9" value="0" />
        <varValue item="F1 controls SF10" value="0" />
        <varValue item="F1 controls SF11" value="0" />
        <varValue item="F1 controls SF12" value="0" />
        <varValue item="F1 controls SF13" value="0" />
        <varValue item="F1 controls SF14" value="0" />
        <varValue item="F1 controls SF15" value="0" />
        <varValue item="F2 controls SF0" value="0" />
        <varValue item="F2 controls SF1" value="0" />
        <varValue item="F2 controls SF2" value="1" />
        <varValue item="F2 controls SF3" value="0" />
        <varValue item="F2 controls SF4" value="0" />
        <varValue item="F2 controls SF5" value="0" />
        <varValue item="F2 controls SF6" value="0" />
        <varValue item="F2 controls SF7" value="0" />
        <varValue item="F2 controls SF8" value="0" />
        <varValue item="F2 controls SF9" value="0" />
        <varValue item="F2 controls SF10" value="0" />
        <varValue item="F2 controls SF11" value="0" />
        <varValue item="F2 controls SF12" value="0" />
        <varValue item="F2 controls SF13" value="0" />
        <varValue item="F2 controls SF14" value="0" />
        <varValue item="F2 controls SF15" value="0" />
        <varValue item="F3 controls SF0" value="0" />
        <varValue item="F3 controls SF1" value="0" />
        <varValue item="F3 controls SF2" value="0" />
        <varValue item="F3 controls SF3" value="1" />
        <varValue item="F3 controls SF4" value="0" />
        <varValue item="F3 controls SF5" value="0" />
        <varValue item="F3 controls SF6" value="0" />
        <varValue item="F3 controls SF7" value="0" />
        <varValue item="F3 controls SF8" value="0" />
        <varValue item="F3 controls SF9" value="0" />
        <varValue item="F3 controls SF10" value="0" />
        <varValue item="F3 controls SF11" value="0" />
        <varValue item="F3 controls SF12" value="0" />
        <varValue item="F3 controls SF13" value="0" />
        <varValue item="F3 controls SF14" value="0" />
        <varValue item="F3 controls SF15" value="0" />
        <varValue item="F4 controls SF0" value="0" />
        <varValue item="F4 controls SF1" value="0" />
        <varValue item="F4 controls SF2" value="0" />
        <varValue item="F4 controls SF3" value="0" />
        <varValue item="F4 controls SF4" value="1" />
        <varValue item="F4 controls SF5" value="0" />
        <varValue item="F4 controls SF6" value="0" />
        <varValue item="F4 controls SF7" value="0" />
        <varValue item="F4 controls SF8" value="0" />
        <varValue item="F4 controls SF9" value="0" />
        <varValue item="F4 controls SF10" value="0" />
        <varValue item="F4 controls SF11" value="0" />
        <varValue item="F4 controls SF12" value="0" />
        <varValue item="F4 controls SF13" value="0" />
        <varValue item="F4 controls SF14" value="0" />
        <varValue item="F4 controls SF15" value="0" />
        <varValue item="F5 controls SF0" value="0" />
        <varValue item="F5 controls SF1" value="0" />
        <varValue item="F5 controls SF2" value="0" />
        <varValue item="F5 controls SF3" value="0" />
        <varValue item="F5 controls SF4" value="0" />
        <varValue item="F5 controls SF5" value="1" />
        <varValue item="F5 controls SF6" value="0" />
        <varValue item="F5 controls SF7" value="0" />
        <varValue item="F5 controls SF8" value="0" />
        <varValue item="F5 controls SF9" value="0" />
        <varValue item="F5 controls SF10" value="0" />
        <varValue item="F5 controls SF11" value="0" />
        <varValue item="F5 controls SF12" value="0" />
        <varValue item="F5 controls SF13" value="0" />
        <varValue item="F5 controls SF14" value="0" />
        <varValue item="F5 controls SF15" value="0" />
        <varValue item="F6 controls SF0" value="0" />
        <varValue item="F6 controls SF1" value="0" />
        <varValue item="F6 controls SF2" value="0" />
        <varValue item="F6 controls SF3" value="0" />
        <varValue item="F6 controls SF4" value="0" />
        <varValue item="F6 controls SF5" value="0" />
        <varValue item="F6 controls SF6" value="1" />
        <varValue item="F6 controls SF7" value="0" />
        <varValue item="F6 controls SF8" value="0" />
        <varValue item="F6 controls SF9" value="0" />
        <varValue item="F6 controls SF10" value="0" />
        <varValue item="F6 controls SF11" value="0" />
        <varValue item="F6 controls SF12" value="0" />
        <varValue item="F6 controls SF13" value="0" />
        <varValue item="F6 controls SF14" value="0" />
        <varValue item="F6 controls SF15" value="0" />
        <varValue item="F7 controls SF0" value="0" />
        <varValue item="F7 controls SF1" value="0" />
        <varValue item="F7 controls SF2" value="0" />
        <varValue item="F7 controls SF3" value="0" />
        <varValue item="F7 controls SF4" value="0" />
        <varValue item="F7 controls SF5" value="0" />
        <varValue item="F7 controls SF6" value="0" />
        <varValue item="F7 controls SF7" value="1" />
        <varValue item="F7 controls SF8" value="0" />
        <varValue item="F7 controls SF9" value="0" />
        <varValue item="F7 controls SF10" value="0" />
        <varValue item="F7 controls SF11" value="0" />
        <varValue item="F7 controls SF12" value="0" />
        <varValue item="F7 controls SF13" value="0" />
        <varValue item="F7 controls SF14" value="0" />
        <varValue item="F7 controls SF15" value="0" />
        <varValue item="F8 controls SF0" value="0" />
        <varValue item="F8 controls SF1" value="0" />
        <varValue item="F8 controls SF2" value="0" />
        <varValue item="F8 controls SF3" value="0" />
        <varValue item="F8 controls SF4" value="0" />
        <varValue item="F8 controls SF5" value="0" />
        <varValue item="F8 controls SF6" value="0" />
        <varValue item="F8 controls SF7" value="0" />
        <varValue item="F8 controls SF8" value="1" />
        <varValue item="F8 controls SF9" value="0" />
        <varValue item="F8 controls SF10" value="0" />
        <varValue item="F8 controls SF11" value="0" />
        <varValue item="F8 controls SF12" value="0" />
        <varValue item="F8 controls SF13" value="0" />
        <varValue item="F8 controls SF14" value="0" />
        <varValue item="F8 controls SF15" value="0" />
        <varValue item="F9 controls SF0" value="0" />
        <varValue item="F9 controls SF1" value="0" />
        <varValue item="F9 controls SF2" value="0" />
        <varValue item="F9 controls SF3" value="0" />
        <varValue item="F9 controls SF4" value="0" />
        <varValue item="F9 controls SF5" value="0" />
        <varValue item="F9 controls SF6" value="0" />
        <varValue item="F9 controls SF7" value="0" />
        <varValue item="F9 controls SF8" value="0" />
        <varValue item="F9 controls SF9" value="1" />
        <varValue item="F9 controls SF10" value="0" />
        <varValue item="F9 controls SF11" value="0" />
        <varValue item="F9 controls SF12" value="0" />
        <varValue item="F9 controls SF13" value="0" />
        <varValue item="F9 controls SF14" value="0" />
        <varValue item="F9 controls SF15" value="0" />
        <varValue item="F10 controls SF0" value="0" />
        <varValue item="F10 controls SF1" value="0" />
        <varValue item="F10 controls SF2" value="0" />
        <varValue item="F10 controls SF3" value="0" />
        <varValue item="F10 controls SF4" value="0" />
        <varValue item="F10 controls SF5" value="0" />
        <varValue item="F10 controls SF6" value="0" />
        <varValue item="F10 controls SF7" value="0" />
        <varValue item="F10 controls SF8" value="0" />
        <varValue item="F10 controls SF9" value="0" />
        <varValue item="F10 controls SF10" value="1" />
        <varValue item="F10 controls SF11" value="0" />
        <varValue item="F10 controls SF12" value="0" />
        <varValue item="F10 controls SF13" value="0" />
        <varValue item="F10 controls SF14" value="0" />
        <varValue item="F10 controls SF15" value="0" />
        <varValue item="F11 controls SF0" value="0" />
        <varValue item="F11 controls SF1" value="0" />
        <varValue item="F11 controls SF2" value="0" />
        <varValue item="F11 controls SF3" value="0" />
        <varValue item="F11 controls SF4" value="0" />
        <varValue item="F11 controls SF5" value="0" />
        <varValue item="F11 controls SF6" value="0" />
        <varValue item="F11 controls SF7" value="0" />
        <varValue item="F11 controls SF8" value="0" />
        <varValue item="F11 controls SF9" value="0" />
        <varValue item="F11 controls SF10" value="0" />
        <varValue item="F11 controls SF11" value="1" />
        <varValue item="F11 controls SF12" value="0" />
        <varValue item="F11 controls SF13" value="0" />
        <varValue item="F11 controls SF14" value="0" />
        <varValue item="F11 controls SF15" value="0" />
        <varValue item="F12 controls SF0" value="0" />
        <varValue item="F12 controls SF1" value="0" />
        <varValue item="F12 controls SF2" value="0" />
        <varValue item="F12 controls SF3" value="0" />
        <varValue item="F12 controls SF4" value="0" />
        <varValue item="F12 controls SF5" value="0" />
        <varValue item="F12 controls SF6" value="0" />
        <varValue item="F12 controls SF7" value="0" />
        <varValue item="F12 controls SF8" value="0" />
        <varValue item="F12 controls SF9" value="0" />
        <varValue item="F12 controls SF10" value="0" />
        <varValue item="F12 controls SF11" value="0" />
        <varValue item="F12 controls SF12" value="1" />
        <varValue item="F12 controls SF13" value="0" />
        <varValue item="F12 controls SF14" value="0" />
        <varValue item="F12 controls SF15" value="0" />
        <varValue item="F13 controls SF0" value="0" />
        <varValue item="F13 controls SF1" value="0" />
        <varValue item="F13 controls SF2" value="0" />
        <varValue item="F13 controls SF3" value="0" />
        <varValue item="F13 controls SF4" value="0" />
        <varValue item="F13 controls SF5" value="0" />
        <varValue item="F13 controls SF6" value="0" />
        <varValue item="F13 controls SF7" value="0" />
        <varValue item="F13 controls SF8" value="0" />
        <varValue item="F13 controls SF9" value="0" />
        <varValue item="F13 controls SF10" value="0" />
        <varValue item="F13 controls SF11" value="0" />
        <varValue item="F13 controls SF12" value="0" />
        <varValue item="F13 controls SF13" value="1" />
        <varValue item="F13 controls SF14" value="0" />
        <varValue item="F13 controls SF15" value="0" />
        <varValue item="F14 controls SF0" value="0" />
        <varValue item="F14 controls SF1" value="0" />
        <varValue item="F14 controls SF2" value="0" />
        <varValue item="F14 controls SF3" value="0" />
        <varValue item="F14 controls SF4" value="0" />
        <varValue item="F14 controls SF5" value="0" />
        <varValue item="F14 controls SF6" value="0" />
        <varValue item="F14 controls SF7" value="0" />
        <varValue item="F14 controls SF8" value="0" />
        <varValue item="F14 controls SF9" value="0" />
        <varValue item="F14 controls SF10" value="0" />
        <varValue item="F14 controls SF11" value="0" />
        <varValue item="F14 controls SF12" value="0" />
        <varValue item="F14 controls SF13" value="0" />
        <varValue item="F14 controls SF14" value="1" />
        <varValue item="F14 controls SF15" value="0" />
        <varValue item="F15 controls SF0" value="0" />
        <varValue item="F15 controls SF1" value="0" />
        <varValue item="F15 controls SF2" value="0" />
        <varValue item="F15 controls SF3" value="0" />
        <varValue item="F15 controls SF4" value="0" />
        <varValue item="F15 controls SF5" value="0" />
        <varValue item="F15 controls SF6" value="0" />
        <varValue item="F15 controls SF7" value="0" />
        <varValue item="F15 controls SF8" value="0" />
        <varValue item="F15 controls SF9" value="0" />
        <varValue item="F15 controls SF10" value="0" />
        <varValue item="F15 controls SF11" value="0" />
        <varValue item="F15 controls SF12" value="0" />
        <varValue item="F15 controls SF13" value="0" />
        <varValue item="F15 controls SF14" value="0" />
        <varValue item="F15 controls SF15" value="1" />
      </decoderDef>
      <CVvalue name="48" value="0" />
      <CVvalue name="2" value="3" />
      <CVvalue name="3" value="16" />
      <CVvalue name="4" value="12" />
      <CVvalue name="5" value="255" />
      <CVvalue name="7" value="0" />
      <CVvalue name="8" value="151" />
      <CVvalue name="13" value="0" />
      <CVvalue name="14" value="1" />
      <CVvalue name="15" value="0" />
      <CVvalue name="16" value="0" />
      <CVvalue name="27" value="24" />
      <CVvalue name="28" value="131" />
      <CVvalue name="29" value="32" />
      <CVvalue name="31" value="16" />
      <CVvalue name="32" value="0" />
      <CVvalue name="47" value="13" />
      <CVvalue name="49" value="19" />
      <CVvalue name="50" value="3" />
      <CVvalue name="112" value="20" />
      <CVvalue name="113" value="50" />
      <CVvalue name="122" value="3" />
      <CVvalue name="123" value="100" />
      <CVvalue name="124" value="20" />
      <CVvalue name="245" value="0" />
      <CVvalue name="125" value="90" />
      <CVvalue name="126" value="130" />
      <CVvalue name="127" value="90" />
      <CVvalue name="128" value="130" />
      <CVvalue name="129" value="15" />
      <CVvalue name="130" value="5" />
      <CVvalue name="132" value="80" />
      <CVvalue name="134" value="12" />
      <CVvalue name="138" value="128" />
      <CVvalue name="139" value="128" />
      <CVvalue name="140" value="120" />
      <CVvalue name="144" value="150" />
      <CVvalue name="179" value="40" />
      <CVvalue name="246" value="0" />
      <CVvalue name="247" value="0" />
      <CVvalue name="248" value="0" />
      <CVvalue name="253" value="0" />
      <CVvalue name="254" value="0" />
      <CVvalue name="255" value="0" />
      <CVvalue name="0.255.285" value="0" />
      <CVvalue name="0.255.286" value="0" />
      <CVvalue name="0.255.287" value="0" />
      <CVvalue name="0.255.288" value="0" />
      <CVvalue name="1" value="0" />
      <CVvalue name="17" value="207" />
      <CVvalue name="18" value="2" />
      <CVvalue name="19" value="0" />
      <CVvalue name="21" value="0" />
      <CVvalue name="22" value="0" />
      <CVvalue name="51" value="0" />
      <CVvalue name="52" value="15" />
      <CVvalue name="53" value="140" />
      <CVvalue name="54" value="50" />
      <CVvalue name="55" value="100" />
      <CVvalue name="56" value="255" />
      <CVvalue name="10" value="8" />
      <CVvalue name="66" value="128" />
      <CVvalue name="67" value="1" />
      <CVvalue name="68" value="10" />
      <CVvalue name="69" value="19" />
      <CVvalue name="70" value="29" />
      <CVvalue name="71" value="38" />
      <CVvalue name="72" value="48" />
      <CVvalue name="73" value="57" />
      <CVvalue name="74" value="66" />
      <CVvalue name="75" value="76" />
      <CVvalue name="76" value="85" />
      <CVvalue name="77" value="95" />
      <CVvalue name="78" value="104" />
      <CVvalue name="79" value="113" />
      <CVvalue name="80" value="123" />
      <CVvalue name="81" value="132" />
      <CVvalue name="82" value="142" />
      <CVvalue name="83" value="151" />
      <CVvalue name="84" value="160" />
      <CVvalue name="85" value="170" />
      <CVvalue name="86" value="179" />
      <CVvalue name="87" value="189" />
      <CVvalue name="88" value="198" />
      <CVvalue name="89" value="207" />
      <CVvalue name="90" value="217" />
      <CVvalue name="91" value="226" />
      <CVvalue name="92" value="236" />
      <CVvalue name="93" value="245" />
      <CVvalue name="94" value="255" />
      <CVvalue name="95" value="128" />
      <CVvalue name="105" value="0" />
      <CVvalue name="106" value="0" />
      <CVvalue name="0.255.261" value="0" />
      <CVvalue name="0.255.262" value="0" />
      <CVvalue name="0.255.263" value="0" />
      <CVvalue name="0.255.264" value="0" />
      <CVvalue name="0.255.265" value="0" />
      <CVvalue name="0.255.266" value="0" />
      <CVvalue name="0.255.267" value="0" />
      <CVvalue name="0.255.268" value="0" />
      <CVvalue name="0.255.269" value="0" />
      <CVvalue name="0.255.270" value="0" />
      <CVvalue name="0.255.271" value="0" />
      <CVvalue name="0.255.272" value="0" />
      <CVvalue name="0.255.273" value="0" />
      <CVvalue name="0.255.274" value="0" />
      <CVvalue name="0.255.275" value="0" />
      <CVvalue name="0.255.276" value="0" />
      <CVvalue name="0.255.277" value="0" />
      <CVvalue name="0.255.278" value="0" />
      <CVvalue name="0.255.279" value="0" />
      <CVvalue name="0.255.280" value="0" />
      <CVvalue name="0.255.281" value="0" />
      <CVvalue name="0.255.282" value="0" />
      <CVvalue name="0.255.283" value="0" />
      <CVvalue name="0.255.284" value="0" />
      <CVvalue name="0.255.289" value="0" />
      <CVvalue name="0.255.290" value="0" />
      <CVvalue name="0.255.291" value="0" />
      <CVvalue name="0.255.292" value="0" />
      <CVvalue name="0.255.293" value="0" />
      <CVvalue name="0.255.294" value="0" />
      <CVvalue name="0.255.295" value="0" />
      <CVvalue name="0.255.296" value="0" />
      <CVvalue name="1.0.261" value="0" />
      <CVvalue name="1.0.262" value="0" />
      <CVvalue name="1.0.263" value="0" />
      <CVvalue name="1.0.264" value="0" />
      <CVvalue name="1.0.265" value="0" />
      <CVvalue name="1.0.266" value="0" />
      <CVvalue name="1.0.267" value="0" />
      <CVvalue name="1.0.268" value="0" />
      <CVvalue name="1.0.269" value="0" />
      <CVvalue name="1.0.270" value="0" />
      <CVvalue name="1.0.271" value="0" />
      <CVvalue name="1.0.272" value="0" />
      <CVvalue name="1.0.273" value="0" />
      <CVvalue name="1.0.274" value="0" />
      <CVvalue name="1.0.275" value="0" />
      <CVvalue name="1.0.276" value="0" />
      <CVvalue name="1.0.277" value="0" />
      <CVvalue name="1.0.278" value="0" />
      <CVvalue name="1.0.279" value="0" />
      <CVvalue name="1.0.280" value="0" />
      <CVvalue name="1.0.281" value="0" />
      <CVvalue name="1.0.282" value="0" />
      <CVvalue name="1.0.283" value="0" />
      <CVvalue name="1.0.284" value="0" />
      <CVvalue name="1.0.285" value="0" />
      <CVvalue name="1.0.286" value="0" />
      <CVvalue name="1.0.287" value="0" />
      <CVvalue name="1.0.288" value="0" />
      <CVvalue name="1.0.257" value="0" />
      <CVvalue name="57" value="143" />
      <CVvalue name="58" value="43" />
      <CVvalue name="59" value="128" />
      <CVvalue name="60" value="160" />
      <CVvalue name="61" value="120" />
      <CVvalue name="62" value="200" />
      <CVvalue name="63" value="180" />
      <CVvalue name="64" value="100" />
      <CVvalue name="65" value="25" />
      <CVvalue name="114" value="134" />
      <CVvalue name="115" value="6" />
      <CVvalue name="133" value="128" />
      <CVvalue name="141" value="20" />
      <CVvalue name="142" value="122" />
      <CVvalue name="143" value="102" />
      <CVvalue name="249" value="0" />
      <CVvalue name="250" value="0" />
      <CVvalue name="16.1.259" value="128" />
      <CVvalue name="16.1.260" value="1" />
      <CVvalue name="16.1.261" value="128" />
      <CVvalue name="16.1.262" value="128" />
      <CVvalue name="16.1.267" value="128" />
      <CVvalue name="16.1.268" value="1" />
      <CVvalue name="16.1.269" value="128" />
      <CVvalue name="16.1.270" value="128" />
      <CVvalue name="16.1.275" value="128" />
      <CVvalue name="16.1.276" value="1" />
      <CVvalue name="16.1.277" value="128" />
      <CVvalue name="16.1.278" value="128" />
      <CVvalue name="16.1.283" value="128" />
      <CVvalue name="16.1.284" value="1" />
      <CVvalue name="16.1.285" value="128" />
      <CVvalue name="16.1.286" value="128" />
      <CVvalue name="16.1.291" value="128" />
      <CVvalue name="16.1.292" value="1" />
      <CVvalue name="16.1.293" value="128" />
      <CVvalue name="16.1.294" value="128" />
      <CVvalue name="16.1.299" value="128" />
      <CVvalue name="16.1.300" value="1" />
      <CVvalue name="16.1.301" value="128" />
      <CVvalue name="16.1.302" value="128" />
      <CVvalue name="16.1.307" value="128" />
      <CVvalue name="16.1.308" value="1" />
      <CVvalue name="16.1.309" value="128" />
      <CVvalue name="16.1.310" value="128" />
      <CVvalue name="16.1.315" value="128" />
      <CVvalue name="16.1.316" value="1" />
      <CVvalue name="16.1.317" value="128" />
      <CVvalue name="16.1.318" value="128" />
      <CVvalue name="16.1.323" value="128" />
      <CVvalue name="16.1.324" value="1" />
      <CVvalue name="16.1.325" value="128" />
      <CVvalue name="16.1.326" value="128" />
      <CVvalue name="16.1.331" value="128" />
      <CVvalue name="16.1.332" value="1" />
      <CVvalue name="16.1.333" value="128" />
      <CVvalue name="16.1.334" value="128" />
      <CVvalue name="16.1.339" value="128" />
      <CVvalue name="16.1.340" value="1" />
      <CVvalue name="16.1.341" value="128" />
      <CVvalue name="16.1.342" value="128" />
      <CVvalue name="16.1.347" value="128" />
      <CVvalue name="16.1.348" value="1" />
      <CVvalue name="16.1.349" value="128" />
      <CVvalue name="16.1.350" value="128" />
      <CVvalue name="16.1.355" value="128" />
      <CVvalue name="16.1.356" value="1" />
      <CVvalue name="16.1.357" value="128" />
      <CVvalue name="16.1.358" value="128" />
      <CVvalue name="16.1.363" value="128" />
      <CVvalue name="16.1.364" value="1" />
      <CVvalue name="16.1.365" value="128" />
      <CVvalue name="16.1.366" value="128" />
      <CVvalue name="16.1.371" value="128" />
      <CVvalue name="16.1.372" value="1" />
      <CVvalue name="16.1.373" value="128" />
      <CVvalue name="16.1.374" value="128" />
      <CVvalue name="16.1.379" value="128" />
      <CVvalue name="16.1.380" value="1" />
      <CVvalue name="16.1.381" value="128" />
      <CVvalue name="16.1.382" value="128" />
      <CVvalue name="16.1.387" value="128" />
      <CVvalue name="16.1.388" value="1" />
      <CVvalue name="16.1.389" value="128" />
      <CVvalue name="16.1.390" value="128" />
      <CVvalue name="16.1.395" value="128" />
      <CVvalue name="16.1.396" value="1" />
      <CVvalue name="16.1.397" value="128" />
      <CVvalue name="16.1.398" value="128" />
      <CVvalue name="16.1.403" value="128" />
      <CVvalue name="16.1.404" value="1" />
      <CVvalue name="16.1.405" value="128" />
      <CVvalue name="16.1.406" value="128" />
      <CVvalue name="16.1.411" value="128" />
      <CVvalue name="16.1.412" value="1" />
      <CVvalue name="16.1.413" value="128" />
      <CVvalue name="16.1.414" value="128" />
      <CVvalue name="16.1.419" value="128" />
      <CVvalue name="16.1.420" value="1" />
      <CVvalue name="16.1.421" value="128" />
      <CVvalue name="16.1.422" value="128" />
      <CVvalue name="16.1.427" value="128" />
      <CVvalue name="16.1.428" value="1" />
      <CVvalue name="16.1.429" value="128" />
      <CVvalue name="16.1.430" value="128" />
      <CVvalue name="16.1.435" value="128" />
      <CVvalue name="16.1.436" value="1" />
      <CVvalue name="16.1.437" value="128" />
      <CVvalue name="16.1.438" value="128" />
      <CVvalue name="16.1.443" value="128" />
      <CVvalue name="16.1.444" value="1" />
      <CVvalue name="16.1.445" value="128" />
      <CVvalue name="16.1.446" value="128" />
      <CVvalue name="16.1.451" value="128" />
      <CVvalue name="16.1.452" value="0" />
      <CVvalue name="16.1.453" value="128" />
      <CVvalue name="16.1.454" value="128" />
      <CVvalue name="16.1.459" value="128" />
      <CVvalue name="16.1.460" value="0" />
      <CVvalue name="16.1.461" value="128" />
      <CVvalue name="16.1.462" value="128" />
      <CVvalue name="16.1.467" value="128" />
      <CVvalue name="16.1.468" value="0" />
      <CVvalue name="16.1.469" value="128" />
      <CVvalue name="16.1.470" value="128" />
      <CVvalue name="16.0.259" value="1" />
      <CVvalue name="16.0.260" value="0" />
      <CVvalue name="16.0.261" value="0" />
      <CVvalue name="16.0.262" value="31" />
      <CVvalue name="16.0.263" value="0" />
      <CVvalue name="16.0.264" value="0" />
      <CVvalue name="16.0.267" value="1" />
      <CVvalue name="16.0.268" value="0" />
      <CVvalue name="16.0.269" value="0" />
      <CVvalue name="16.0.270" value="31" />
      <CVvalue name="16.0.271" value="0" />
      <CVvalue name="16.0.272" value="0" />
      <CVvalue name="16.0.275" value="1" />
      <CVvalue name="16.0.276" value="0" />
      <CVvalue name="16.0.277" value="0" />
      <CVvalue name="16.0.278" value="31" />
      <CVvalue name="16.0.279" value="0" />
      <CVvalue name="16.0.280" value="0" />
      <CVvalue name="16.0.283" value="1" />
      <CVvalue name="16.0.284" value="0" />
      <CVvalue name="16.0.285" value="0" />
      <CVvalue name="16.0.286" value="31" />
      <CVvalue name="16.0.287" value="0" />
      <CVvalue name="16.0.288" value="0" />
      <CVvalue name="16.0.291" value="1" />
      <CVvalue name="16.0.292" value="0" />
      <CVvalue name="16.0.293" value="0" />
      <CVvalue name="16.0.294" value="31" />
      <CVvalue name="16.0.295" value="0" />
      <CVvalue name="16.0.296" value="0" />
      <CVvalue name="16.0.299" value="1" />
      <CVvalue name="16.0.300" value="0" />
      <CVvalue name="16.0.301" value="0" />
      <CVvalue name="16.0.302" value="31" />
      <CVvalue name="16.0.303" value="0" />
      <CVvalue name="16.0.304" value="0" />
      <CVvalue name="16.0.355" value="1" />
      <CVvalue name="16.0.356" value="0" />
      <CVvalue name="16.0.357" value="0" />
      <CVvalue name="16.0.358" value="31" />
      <CVvalue name="16.0.359" value="0" />
      <CVvalue name="16.0.360" value="0" />
      <CVvalue name="16.0.363" value="1" />
      <CVvalue name="16.0.364" value="0" />
      <CVvalue name="16.0.365" value="0" />
      <CVvalue name="16.0.366" value="31" />
      <CVvalue name="16.0.367" value="0" />
      <CVvalue name="16.0.368" value="0" />
      <CVvalue name="16.0.371" value="1" />
      <CVvalue name="16.0.372" value="0" />
      <CVvalue name="16.0.373" value="0" />
      <CVvalue name="16.0.374" value="31" />
      <CVvalue name="16.0.375" value="0" />
      <CVvalue name="16.0.376" value="0" />
      <CVvalue name="16.0.379" value="1" />
      <CVvalue name="16.0.380" value="0" />
      <CVvalue name="16.0.381" value="0" />
      <CVvalue name="16.0.382" value="31" />
      <CVvalue name="16.0.383" value="0" />
      <CVvalue name="16.0.384" value="0" />
      <CVvalue name="16.0.307" value="1" />
      <CVvalue name="16.0.308" value="0" />
      <CVvalue name="16.0.309" value="0" />
      <CVvalue name="16.0.310" value="31" />
      <CVvalue name="16.0.311" value="0" />
      <CVvalue name="16.0.312" value="0" />
      <CVvalue name="16.0.315" value="1" />
      <CVvalue name="16.0.316" value="0" />
      <CVvalue name="16.0.317" value="0" />
      <CVvalue name="16.0.318" value="31" />
      <CVvalue name="16.0.319" value="0" />
      <CVvalue name="16.0.320" value="0" />
      <CVvalue name="16.0.323" value="1" />
      <CVvalue name="16.0.324" value="0" />
      <CVvalue name="16.0.325" value="0" />
      <CVvalue name="16.0.326" value="31" />
      <CVvalue name="16.0.327" value="0" />
      <CVvalue name="16.0.328" value="0" />
      <CVvalue name="16.0.331" value="1" />
      <CVvalue name="16.0.332" value="0" />
      <CVvalue name="16.0.333" value="0" />
      <CVvalue name="16.0.334" value="31" />
      <CVvalue name="16.0.335" value="0" />
      <CVvalue name="16.0.336" value="0" />
      <CVvalue name="16.0.339" value="1" />
      <CVvalue name="16.0.340" value="0" />
      <CVvalue name="16.0.341" value="0" />
      <CVvalue name="16.0.342" value="31" />
      <CVvalue name="16.0.343" value="0" />
      <CVvalue name="16.0.344" value="0" />
      <CVvalue name="16.0.347" value="1" />
      <CVvalue name="16.0.348" value="0" />
      <CVvalue name="16.0.349" value="0" />
      <CVvalue name="16.0.350" value="31" />
      <CVvalue name="16.0.351" value="0" />
      <CVvalue name="16.0.352" value="0" />
      <CVvalue name="0.252.257" value="1" />
      <CVvalue name="0.252.258" value="0" />
      <CVvalue name="0.252.261" value="2" />
      <CVvalue name="0.252.262" value="0" />
      <CVvalue name="0.252.265" value="4" />
      <CVvalue name="0.252.266" value="0" />
      <CVvalue name="0.252.269" value="8" />
      <CVvalue name="0.252.270" value="0" />
      <CVvalue name="0.252.273" value="16" />
      <CVvalue name="0.252.274" value="0" />
      <CVvalue name="0.252.277" value="32" />
      <CVvalue name="0.252.278" value="0" />
      <CVvalue name="0.252.281" value="64" />
      <CVvalue name="0.252.282" value="0" />
      <CVvalue name="0.252.285" value="128" />
      <CVvalue name="0.252.286" value="0" />
      <CVvalue name="0.252.289" value="0" />
      <CVvalue name="0.252.290" value="1" />
      <CVvalue name="0.252.293" value="0" />
      <CVvalue name="0.252.294" value="2" />
      <CVvalue name="0.252.297" value="0" />
      <CVvalue name="0.252.298" value="4" />
      <CVvalue name="0.252.301" value="0" />
      <CVvalue name="0.252.302" value="8" />
      <CVvalue name="0.252.305" value="0" />
      <CVvalue name="0.252.306" value="16" />
      <CVvalue name="0.252.309" value="0" />
      <CVvalue name="0.252.310" value="32" />
      <CVvalue name="0.252.313" value="0" />
      <CVvalue name="0.252.314" value="64" />
      <CVvalue name="0.252.317" value="0" />
      <CVvalue name="0.252.318" value="128" />
    </values>
  </locomotive>
</locomotive-config>
