<?xml version="1.0" encoding="UTF-8"?>
<?xml-stylesheet href="/xml/XSLT/locomotive.xsl" type="text/xsl"?>
<locomotive-config xmlns:xsi="http://www.w3.org/2001/XMLSchema-instance" xsi:noNamespaceSchemaLocation="http://jmri.org/xml/schema/locomotive-config.xsd">
  <!--Written by JMRI version 4.18+R37ad3d0 on Mon Mar 08 11:03:53 CST 2021-->
  <locomotive id="Boxcar" fileName="Boxcar.xml" roadNumber="" roadName="" mfg="" owner="chauens" model="" dccAddress="10" comment="" maxSpeed="100" imageFilePath="" iconFilePath="" URL="" IsShuntingOn="">
    <dateUpdated>2021-03-08T17:03:53.727+0000</dateUpdated>
    <decoder model="FL2" family="TCS FL2 and FL4 Decoders" comment="" />
    <locoaddress>
      <dcclocoaddress number="10" longaddress="no" />
      <number>10</number>
      <protocol>dcc_short</protocol>
    </locoaddress>
    <functionlabels>
      <functionlabel num="4" lockable="false" functionImage="" functionImageSelected="">Coupler</functionlabel>
    </functionlabels>
    <soundlabels />
    <values>
      <decoderDef>
        <varValue item="Momentary Pulse" value="60" />
        <varValue item="Ditch Light Blink Holdover Time" value="10" />
        <varValue item="Ditch Light Blink Rate" value="2" />
        <varValue item="Dimming Brightness 1" value="16" />
        <varValue item="Dimming Brightness 2" value="5" />
        <varValue item="Dimming Brightness 3" value="5" />
        <varValue item="Dimming Brightness 4" value="5" />
        <varValue item="Mars/Gyra Min Brightness" value="1" />
        <varValue item="Mars/Gyra Max Bright Time" value="9" />
        <varValue item="Mars/Gyra Total Cycle Time" value="1" />
        <varValue item="Mars/Gyra Mid Brightness" value="6" />
        <varValue item="Mars/Gyra Max Brightness" value="22" />
        <varValue item="Beacon Min Brightness" value="1" />
        <varValue item="Beacon Max Bright Time" value="5" />
        <varValue item="Beacon Total Cycle Time" value="1" />
        <varValue item="Beacon Mid Brightness" value="15" />
        <varValue item="Beacon Max Brightness" value="25" />
        <varValue item="Single Strobe 1 Off Duration" value="140" />
        <varValue item="Single Strobe 1 On Duration" value="5" />
        <varValue item="Single Strobe 2 Off Duration" value="124" />
        <varValue item="Single Strobe 2 On Duration" value="5" />
        <varValue item="Flashing Light On Duration" value="144" />
        <varValue item="Flashing Light Off Duration" value="48" />
        <varValue item="Double Strobe 1 Long Off Duration" value="112" />
        <varValue item="Double Strobe 1 On Duration" value="5" />
        <varValue item="Double Strobe 1 Short Off Duration" value="16" />
        <varValue item="Double Strobe 2 Long Off Duration" value="117" />
        <varValue item="Double Strobe 2 On Duration" value="16" />
        <varValue item="Double Strobe 2 Short Off Duration" value="5" />
        <varValue item="Random Flicker 1 Speed" value="16" />
        <varValue item="Random Flicker 2 Speed" value="16" />
        <varValue item="Month of Decoder Manufacture" value="0" />
        <varValue item="Day of Decoder Manufacture" value="0" />
        <varValue item="Year of Decoder Manufacture" value="0" />
        <varValue item="Primary Address" value="10" />
        <varValue item="Extended Address" value="0" />
        <varValue item="Address Format" value="0" />
        <varValue item="Version ID" value="0" />
        <varValue item="Manufacturer ID" value="153" />
        <varValue item="Analog Mode Green" value="1" />
        <varValue item="Analog Mode Purple" value="1" />
        <varValue item="Decoder Lock ID number" value="0" />
        <varValue item="Locomotive Direction In Consist" value="0" />
        <varValue item="Advanced Consist Address" value="0" />
        <varValue item="Consist Address Active For Green" value="0" />
        <varValue item="Consist Address Active For Purple" value="0" />
        <varValue item="Locomotive Direction" value="0" />
        <varValue item="Power Source Conversion" value="0" />
        <varValue item="FL(f) controls output 1" value="0" />
        <varValue item="FL(r) controls output 1" value="0" />
        <varValue item="F1 controls output 1" value="1" />
        <varValue item="F2 controls output 1" value="0" />
        <varValue item="F3 controls output 1" value="0" />
        <varValue item="F4 controls output 1" value="0" />
        <varValue item="F5 controls output 1" value="0" />
        <varValue item="F6 controls output 1" value="0" />
        <varValue item="FL(f) controls output 2" value="0" />
        <varValue item="FL(r) controls output 2" value="0" />
        <varValue item="F1 controls output 2" value="0" />
        <varValue item="F2 controls output 2" value="1" />
        <varValue item="F3 controls output 2" value="0" />
        <varValue item="F4 controls output 2" value="0" />
        <varValue item="F5 controls output 2" value="0" />
        <varValue item="F6 controls output 2" value="0" />
        <varValue item="F7 controls output 1" value="0" />
        <varValue item="F8 controls output 1" value="0" />
        <varValue item="F9 controls output 1" value="0" />
        <varValue item="F10 controls output 1" value="0" />
        <varValue item="F11 controls output 1" value="0" />
        <varValue item="F12 controls output 1" value="0" />
        <varValue item="F7 controls output 2" value="0" />
        <varValue item="F8 controls output 2" value="0" />
        <varValue item="F9 controls output 2" value="0" />
        <varValue item="F10 controls output 2" value="0" />
        <varValue item="F11 controls output 2" value="0" />
        <varValue item="F12 controls output 2" value="0" />
        <varValue item="Green Wire Effect" value="0" />
        <varValue item="Green Wire Timing" value="2" />
        <varValue item="Purple Wire Effect" value="0" />
        <varValue item="Purple Wire Timing" value="2" />
        <varValue item="User ID #1 (0-255)" value="0" />
        <varValue item="User ID #2 (0-255)" value="0" />
      </decoderDef>
      <CVvalue name="62" value="60" />
      <CVvalue name="63" value="10" />
      <CVvalue name="117" value="3" />
      <CVvalue name="64" value="16" />
      <CVvalue name="153" value="5" />
      <CVvalue name="154" value="5" />
      <CVvalue name="155" value="5" />
      <CVvalue name="112" value="1" />
      <CVvalue name="113" value="9" />
      <CVvalue name="114" value="1" />
      <CVvalue name="115" value="6" />
      <CVvalue name="116" value="22" />
      <CVvalue name="118" value="1" />
      <CVvalue name="119" value="5" />
      <CVvalue name="120" value="1" />
      <CVvalue name="121" value="15" />
      <CVvalue name="122" value="25" />
      <CVvalue name="140" value="140" />
      <CVvalue name="141" value="5" />
      <CVvalue name="142" value="124" />
      <CVvalue name="143" value="5" />
      <CVvalue name="144" value="144" />
      <CVvalue name="145" value="48" />
      <CVvalue name="146" value="112" />
      <CVvalue name="147" value="5" />
      <CVvalue name="148" value="16" />
      <CVvalue name="149" value="117" />
      <CVvalue name="150" value="16" />
      <CVvalue name="151" value="5" />
      <CVvalue name="135" value="16" />
      <CVvalue name="152" value="16" />
      <CVvalue name="250" value="0" />
      <CVvalue name="251" value="0" />
      <CVvalue name="252" value="0" />
      <CVvalue name="1" value="10" />
      <CVvalue name="17" value="0" />
      <CVvalue name="18" value="0" />
      <CVvalue name="29" value="0" />
      <CVvalue name="7" value="0" />
      <CVvalue name="8" value="153" />
      <CVvalue name="13" value="3" />
      <CVvalue name="16" value="0" />
      <CVvalue name="19" value="0" />
      <CVvalue name="21" value="0" />
      <CVvalue name="35" value="4" />
      <CVvalue name="36" value="8" />
      <CVvalue name="37" value="0" />
      <CVvalue name="38" value="0" />
      <CVvalue name="51" value="32" />
      <CVvalue name="52" value="32" />
      <CVvalue name="105" value="0" />
      <CVvalue name="106" value="0" />
    </values>
  </locomotive>
</locomotive-config>
