<?xml version="1.0" encoding="UTF-8"?>
<!DOCTYPE locomotive-config SYSTEM "/xml/DTD/locomotive-config.dtd">
<locomotive-config>
  <!--Written by JMRI version 4.18+R37ad3d0 on Tue Oct 27 14:53:25 CDT 2020-->
  <locomotive id="E44.R" fileName="E44_Roco__2044_.xml" roadNumber="" roadName="" mfg="Roco" owner="chauens" model="" dccAddress="2044" comment="" maxSpeed="100" imageFilePath="" iconFilePath="" URL="" IsShuntingOn="">
    <dateUpdated>2020-10-27T19:53:25.610+0000</dateUpdated>
    <decoder model="Gold" family="Lenz Gold with 6th gen BEMF" comment="" />
    <locoaddress>
      <dcclocoaddress number="2044" longaddress="yes" />
      <number>2044</number>
      <protocol>dcc_long</protocol>
    </locoaddress>
    <functionlabels />
    <soundlabels />
    <values>
      <decoderDef>
        <varValue item="Primary Address" value="44" />
        <varValue item="Extended Address" value="2044" />
        <varValue item="Address Format" value="1" />
        <varValue item="Start Volts (0-255)" value="0" />
        <varValue item="Max Volts (0-255)" value="255" />
        <varValue item="Vmid (0-255)" value="48" />
        <varValue item="Acceleration Momentum (0-255)" value="6" />
        <varValue item="Deceleration (Brake) Momentum (0-255)" value="5" />
        <varValue item="Manufacturer ID - Reset" value="0" />
        <varValue item="Manufacturer Version No: " value="0" />
        <varValue item="Manufacturer ID: " value="0" />
        <varValue item="Back EMF Repetition Rate (0-63)" value="15" />
        <varValue item="Locomotive Direction In Consist" value="0" />
        <varValue item="Advanced Consist Address" value="0" />
        <varValue item="Ch. 1 for Address" value="1" />
        <varValue item="Ch. 2 for Data" value="1" />
        <varValue item="Ch. 1 for Command Ack." value="0" />
        <varValue item="Enable RailCom" value="1" />
        <varValue item="Locomotive Direction" value="0" />
        <varValue item="Speed Steps" value="1" />
        <varValue item="Power Source Conversion" value="0" />
        <varValue item="Use Speed Table" value="0" />
        <varValue item="Light short-circuit" value="0" />
        <varValue item="Overheating" value="0" />
        <varValue item="Motor short-circuit" value="0" />
        <varValue item="F0(f) controls output A" value="1" />
        <varValue item="F0(r) controls output A" value="0" />
        <varValue item="F1 controls output A" value="0" />
        <varValue item="F2 controls output A" value="0" />
        <varValue item="F3 controls output A" value="0" />
        <varValue item="F4 controls output A" value="0" />
        <varValue item="F5 controls output A" value="0" />
        <varValue item="F6 controls output A" value="0" />
        <varValue item="F7 controls output A" value="0" />
        <varValue item="F8 controls output A" value="0" />
        <varValue item="F0(f) controls output B" value="0" />
        <varValue item="F0(r) controls output B" value="1" />
        <varValue item="F1 controls output B" value="0" />
        <varValue item="F2 controls output B" value="0" />
        <varValue item="F3 controls output B" value="0" />
        <varValue item="F4 controls output B" value="0" />
        <varValue item="F5 controls output B" value="0" />
        <varValue item="F6 controls output B" value="0" />
        <varValue item="F7 controls output B" value="0" />
        <varValue item="F8 controls output B" value="0" />
        <varValue item="F0(f) controls output C" value="0" />
        <varValue item="F0(r) controls output C" value="0" />
        <varValue item="F1 controls output C" value="1" />
        <varValue item="F2 controls output C" value="0" />
        <varValue item="F3 controls output C" value="0" />
        <varValue item="F4 controls output C" value="0" />
        <varValue item="F5 controls output C" value="0" />
        <varValue item="F6 controls output C" value="0" />
        <varValue item="F7 controls output C" value="0" />
        <varValue item="F8 controls output C" value="0" />
        <varValue item="F0(f) controls output D" value="0" />
        <varValue item="F0(r) controls output D" value="0" />
        <varValue item="F1 controls output D" value="0" />
        <varValue item="F2 controls output D" value="1" />
        <varValue item="F3 controls output D" value="0" />
        <varValue item="F4 controls output D" value="0" />
        <varValue item="F5 controls output D" value="0" />
        <varValue item="F6 controls output D" value="0" />
        <varValue item="F7 controls output D" value="0" />
        <varValue item="F8 controls output D" value="0" />
        <varValue item="F9 controls output D" value="0" />
        <varValue item="F10 controls output D" value="0" />
        <varValue item="F11 controls output D" value="0" />
        <varValue item="F12 controls output D" value="0" />
        <varValue item="Motor Type(0-5)" value="0" />
        <varValue item="EMF Switch" value="0" />
        <varValue item="BEMF Control" value="0" />
        <varValue item="Motor Drive Frequency" value="0" />
        <varValue item="Constant Braking Distance" value="1" />
        <varValue item="Stop on DC (RailCom off only)" value="0" />
        <varValue item="Braking Distance in Constant Mode (0-255)" value="50" />
        <varValue item="Automatic Braking Control" value="1" />
        <varValue item="ABC direction dependancy" value="0" />
        <varValue item="Push-Pull without Stop" value="1" />
        <varValue item="Push-Pull with Stop" value="0" />
        <varValue item="Slow approach speed with ABC (0-255)" value="48" />
        <varValue item="Push-Pull stop time (0-255 seconds) " value="4" />
        <varValue item="Dimming Intensity, Outputs A and C (0-255)" value="255" />
        <varValue item="Dimming Intensity, Outputs B and D (0-255)" value="255" />
        <varValue item="Enable dimming with F1" value="0" />
        <varValue item="Enable dimming with F2" value="0" />
        <varValue item="Enable dimming with F3" value="0" />
        <varValue item="Enable dimming with F4" value="0" />
        <varValue item="Enable dimming with F5" value="0" />
        <varValue item="Enable dimming with F6" value="0" />
        <varValue item="Enable dimming with F7" value="0" />
        <varValue item="Enable dimming with F8" value="0" />
        <varValue item="Enable Low Speed with F1" value="0" />
        <varValue item="Enable Low Speed with F2" value="0" />
        <varValue item="Enable Low Speed with F3" value="1" />
        <varValue item="Enable Low Speed with F4" value="0" />
        <varValue item="Enable Low Speed with F5" value="0" />
        <varValue item="Enable Low Speed with F6" value="0" />
        <varValue item="Enable Low Speed with F7" value="0" />
        <varValue item="Enable Low Speed with F8" value="0" />
        <varValue item="Disable momentum with F1" value="0" />
        <varValue item="Disable momentum with F2" value="0" />
        <varValue item="Disable momentum with F3" value="0" />
        <varValue item="Disable momentum with F4" value="1" />
        <varValue item="Disable momentum with F5" value="0" />
        <varValue item="Disable momentum with F6" value="0" />
        <varValue item="Disable momentum with F7" value="0" />
        <varValue item="Disable momentum with F8" value="0" />
        <varValue item="Enter the value corresponding to the desired lighting effect for B/A outputs (0-44) " value="0" />
        <varValue item="Toggle effect (outputs A/B) with F1" value="0" />
        <varValue item="Toggle effect (outputs A/B) with F2" value="0" />
        <varValue item="Toggle effect (outputs A/B) with F3" value="0" />
        <varValue item="Toggle effect (outputs A/B) with F4" value="0" />
        <varValue item="Toggle effect (outputs A/B) with F5" value="0" />
        <varValue item="Toggle effect (outputs A/B) with F6" value="0" />
        <varValue item="Toggle effect (outputs A/B) with F7" value="0" />
        <varValue item="Toggle effect (outputs A/B) with F8" value="0" />
        <varValue item="Enter the value corresponding to the desired lighting effect for D/C outputs (0-53) " value="0" />
        <varValue item="Flashing frequency for outputs C and D (255 = .13 Hz, 32 = 1 Hz, 15 = 2 Hz, 0 = 33 Hz)" value="32" />
        <varValue item="Toggle effect (outputs C/D) with F1" value="0" />
        <varValue item="Toggle effect (outputs C/D) with F2" value="0" />
        <varValue item="Toggle effect (outputs C/D) with F3" value="0" />
        <varValue item="Toggle effect (outputs C/D) with F4" value="0" />
        <varValue item="Toggle effect (outputs C/D) with F5" value="0" />
        <varValue item="Toggle effect (outputs C/D) with F6" value="0" />
        <varValue item="Toggle effect (outputs C/D) with F7" value="0" />
        <varValue item="Toggle effect (outputs C/D) with F8" value="0" />
        <varValue item="Speed Table" value="0,9,18,28,37,47,56,66,75,85,94,103,113,122,132,141,151,160,170,179,188,198,207,217,226,236,245,255" />
        <varValue item="User ID #1 (0-255)" value="0" />
        <varValue item="User ID #2 (0-255)" value="0" />
        <varValue item="Motor timeout on loss of DCC" value="16" />
        <varValue item="Minimum PWM (Types 4, 5 only)" value="40" />
        <varValue item="Duty Cycle (Types 4, 5 only)" value="10" />
        <varValue item="CV indicator for SUSI, offset 800" value="102" />
        <varValue item="CV transport device for SUSI" value="0" />
        <varValue item="Decoder Software Version (read only): " value="0" />
      </decoderDef>
      <CVvalue name="1" value="44" />
      <CVvalue name="17" value="199" />
      <CVvalue name="18" value="252" />
      <CVvalue name="29" value="42" />
      <CVvalue name="2" value="0" />
      <CVvalue name="5" value="255" />
      <CVvalue name="6" value="48" />
      <CVvalue name="3" value="6" />
      <CVvalue name="4" value="5" />
      <CVvalue name="8" value="0" />
      <CVvalue name="7" value="0" />
      <CVvalue name="9" value="15" />
      <CVvalue name="19" value="0" />
      <CVvalue name="28" value="3" />
      <CVvalue name="30" value="0" />
      <CVvalue name="33" value="8" />
      <CVvalue name="34" value="16" />
      <CVvalue name="35" value="32" />
      <CVvalue name="36" value="64" />
      <CVvalue name="37" value="0" />
      <CVvalue name="38" value="0" />
      <CVvalue name="39" value="0" />
      <CVvalue name="40" value="0" />
      <CVvalue name="41" value="0" />
      <CVvalue name="42" value="0" />
      <CVvalue name="43" value="0" />
      <CVvalue name="44" value="0" />
      <CVvalue name="45" value="0" />
      <CVvalue name="46" value="0" />
      <CVvalue name="50" value="0" />
      <CVvalue name="51" value="11" />
      <CVvalue name="52" value="50" />
      <CVvalue name="53" value="48" />
      <CVvalue name="54" value="4" />
      <CVvalue name="55" value="255" />
      <CVvalue name="56" value="255" />
      <CVvalue name="57" value="0" />
      <CVvalue name="58" value="4" />
      <CVvalue name="59" value="8" />
      <CVvalue name="60" value="0" />
      <CVvalue name="61" value="0" />
      <CVvalue name="62" value="0" />
      <CVvalue name="63" value="32" />
      <CVvalue name="64" value="0" />
      <CVvalue name="67" value="0" />
      <CVvalue name="68" value="9" />
      <CVvalue name="69" value="18" />
      <CVvalue name="70" value="28" />
      <CVvalue name="71" value="37" />
      <CVvalue name="72" value="47" />
      <CVvalue name="73" value="56" />
      <CVvalue name="74" value="66" />
      <CVvalue name="75" value="75" />
      <CVvalue name="76" value="85" />
      <CVvalue name="77" value="94" />
      <CVvalue name="78" value="103" />
      <CVvalue name="79" value="113" />
      <CVvalue name="80" value="122" />
      <CVvalue name="81" value="132" />
      <CVvalue name="82" value="141" />
      <CVvalue name="83" value="151" />
      <CVvalue name="84" value="160" />
      <CVvalue name="85" value="170" />
      <CVvalue name="86" value="179" />
      <CVvalue name="87" value="188" />
      <CVvalue name="88" value="198" />
      <CVvalue name="89" value="207" />
      <CVvalue name="90" value="217" />
      <CVvalue name="91" value="226" />
      <CVvalue name="92" value="236" />
      <CVvalue name="93" value="245" />
      <CVvalue name="94" value="255" />
      <CVvalue name="105" value="0" />
      <CVvalue name="106" value="0" />
      <CVvalue name="112" value="16" />
      <CVvalue name="113" value="40" />
      <CVvalue name="114" value="10" />
      <CVvalue name="126" value="102" />
      <CVvalue name="127" value="0" />
      <CVvalue name="128" value="0" />
    </values>
  </locomotive>
  <!--Written by JMRI version 4.18+R37ad3d0 on Wed Oct 28 17:56:39 CDT 2020-->
</locomotive-config>
