<?xml version="1.0" encoding="UTF-8"?>
<?xml-stylesheet href="/xml/XSLT/locomotive.xsl" type="text/xsl"?>
<locomotive-config xmlns:xsi="http://www.w3.org/2001/XMLSchema-instance" xsi:noNamespaceSchemaLocation="http://jmri.org/xml/schema/locomotive-config.xsd">
  <!--Written by JMRI version 4.20+Rc7ba8249b on Wed Jun 30 15:30:19 CDT 2021-->
  <locomotive id="E44.B" fileName="E44_B.xml" roadNumber="" roadName="" mfg="Brawa" owner="chauens" model="" dccAddress="3044" comment="" maxSpeed="100" imageFilePath="" iconFilePath="" URL="" IsShuntingOn="">
    <dateUpdated>2021-06-30T20:30:19.686+0000</dateUpdated>
    <decoder model="SD22A (firmware 1.06+)" family="Sound Decoders (2016)" comment="" />
    <locoaddress>
      <dcclocoaddress number="3044" longaddress="yes" />
      <number>3044</number>
      <protocol>dcc_long</protocol>
    </locoaddress>
    <functionlabels>
      <functionlabel num="0" lockable="true" functionImage="" functionImageSelected="">Lights</functionlabel>
      <functionlabel num="1" lockable="true" functionImage="" functionImageSelected="">Sound</functionlabel>
      <functionlabel num="17" lockable="false" functionImage="" functionImageSelected="">Coupler</functionlabel>
      <functionlabel num="2" lockable="false" functionImage="" functionImageSelected="">Whistle1</functionlabel>
      <functionlabel num="3" lockable="false" functionImage="" functionImageSelected="">Whistle2</functionlabel>
      <functionlabel num="4" lockable="false" functionImage="" functionImageSelected="">Coupler</functionlabel>
      <functionlabel num="5" lockable="true" functionImage="" functionImageSelected="">Head light off</functionlabel>
      <functionlabel num="6" lockable="true" functionImage="" functionImageSelected="">Tail light off</functionlabel>
      <functionlabel num="7" lockable="true" functionImage="" functionImageSelected="">deactivate head light</functionlabel>
      <functionlabel num="8" lockable="true" functionImage="" functionImageSelected="">Shunting</functionlabel>
      <functionlabel num="11" lockable="false" functionImage="" functionImageSelected="">Horn alternate</functionlabel>
    </functionlabels>
    <soundlabels />
    <values>
      <decoderDef>
        <varValue item="FL(f) controls output 1" value="1" />
        <varValue item="FL(f) controls output 2" value="0" />
        <varValue item="FL(f) controls output 3" value="0" />
        <varValue item="FL(f) controls output 4" value="0" />
        <varValue item="FL(f) controls output 5" value="0" />
        <varValue item="FL(f) controls output 6" value="0" />
        <varValue item="FL(r) controls output 1" value="0" />
        <varValue item="FL(r) controls output 2" value="1" />
        <varValue item="FL(r) controls output 3" value="0" />
        <varValue item="FL(r) controls output 4" value="0" />
        <varValue item="FL(r) controls output 5" value="0" />
        <varValue item="FL(r) controls output 6" value="0" />
        <varValue item="F1 controls output 1" value="0" />
        <varValue item="F1 controls output 2" value="0" />
        <varValue item="F1 controls output 3" value="0" />
        <varValue item="F1 controls output 4" value="0" />
        <varValue item="F1 controls output 5" value="0" />
        <varValue item="F1 controls output 6" value="0" />
        <varValue item="F2 controls output 1" value="0" />
        <varValue item="F2 controls output 2" value="0" />
        <varValue item="F2 controls output 3" value="0" />
        <varValue item="F2 controls output 4" value="0" />
        <varValue item="F2 controls output 5" value="0" />
        <varValue item="F2 controls output 6" value="0" />
        <varValue item="F3 controls output 1" value="0" />
        <varValue item="F3 controls output 2" value="0" />
        <varValue item="F3 controls output 3" value="0" />
        <varValue item="F3 controls output 4" value="0" />
        <varValue item="F3 controls output 5" value="0" />
        <varValue item="F3 controls output 6" value="0" />
        <varValue item="F4 controls output 1" value="0" />
        <varValue item="F4 controls output 2" value="0" />
        <varValue item="F4 controls output 3" value="0" />
        <varValue item="F4 controls output 4" value="0" />
        <varValue item="F4 controls output 5" value="1" />
        <varValue item="F4 controls output 6" value="1" />
        <varValue item="F5 controls output 1" value="0" />
        <varValue item="F5 controls output 2" value="0" />
        <varValue item="F5 controls output 3" value="0" />
        <varValue item="F5 controls output 4" value="0" />
        <varValue item="F5 controls output 5" value="0" />
        <varValue item="F5 controls output 6" value="0" />
        <varValue item="F6 controls output 1" value="0" />
        <varValue item="F6 controls output 2" value="0" />
        <varValue item="F6 controls output 3" value="0" />
        <varValue item="F6 controls output 4" value="0" />
        <varValue item="F6 controls output 5" value="0" />
        <varValue item="F6 controls output 6" value="0" />
        <varValue item="F7 controls output 1" value="0" />
        <varValue item="F7 controls output 2" value="0" />
        <varValue item="F7 controls output 3" value="0" />
        <varValue item="F7 controls output 4" value="0" />
        <varValue item="F7 controls output 5" value="0" />
        <varValue item="F7 controls output 6" value="0" />
        <varValue item="F8 controls output 1" value="0" />
        <varValue item="F8 controls output 2" value="0" />
        <varValue item="F8 controls output 3" value="0" />
        <varValue item="F8 controls output 4" value="0" />
        <varValue item="F8 controls output 5" value="0" />
        <varValue item="F8 controls output 6" value="0" />
        <varValue item="F9 controls output 1" value="0" />
        <varValue item="F9 controls output 2" value="0" />
        <varValue item="F9 controls output 3" value="0" />
        <varValue item="F9 controls output 4" value="0" />
        <varValue item="F9 controls output 5" value="0" />
        <varValue item="F9 controls output 6" value="0" />
        <varValue item="F10 controls output 1" value="0" />
        <varValue item="F10 controls output 2" value="0" />
        <varValue item="F10 controls output 3" value="0" />
        <varValue item="F10 controls output 4" value="0" />
        <varValue item="F10 controls output 5" value="0" />
        <varValue item="F10 controls output 6" value="0" />
        <varValue item="F11 controls output 1" value="0" />
        <varValue item="F11 controls output 2" value="0" />
        <varValue item="F11 controls output 3" value="0" />
        <varValue item="F11 controls output 4" value="0" />
        <varValue item="F11 controls output 5" value="0" />
        <varValue item="F11 controls output 6" value="0" />
        <varValue item="F12 controls output 1" value="0" />
        <varValue item="F12 controls output 2" value="0" />
        <varValue item="F12 controls output 3" value="0" />
        <varValue item="F12 controls output 4" value="0" />
        <varValue item="F12 controls output 5" value="0" />
        <varValue item="F12 controls output 6" value="0" />
        <varValue item="F1(r) controls output 1" value="0" />
        <varValue item="F1(r) controls output 2" value="0" />
        <varValue item="F1(r) controls output 3" value="0" />
        <varValue item="F1(r) controls output 4" value="0" />
        <varValue item="F1(r) controls output 5" value="0" />
        <varValue item="F1(r) controls output 6" value="0" />
        <varValue item="F2(r) controls output 1" value="0" />
        <varValue item="F2(r) controls output 2" value="0" />
        <varValue item="F2(r) controls output 3" value="0" />
        <varValue item="F2(r) controls output 4" value="0" />
        <varValue item="F2(r) controls output 5" value="0" />
        <varValue item="F2(r) controls output 6" value="0" />
        <varValue item="FL(f) controls output 7" value="0" />
        <varValue item="FL(f) controls output 8" value="0" />
        <varValue item="FL(r) controls output 7" value="0" />
        <varValue item="FL(r) controls output 8" value="0" />
        <varValue item="F1 controls output 7" value="0" />
        <varValue item="F1 controls output 8" value="0" />
        <varValue item="F2 controls output 7" value="0" />
        <varValue item="F2 controls output 8" value="0" />
        <varValue item="F3 controls output 7" value="0" />
        <varValue item="F3 controls output 8" value="0" />
        <varValue item="F4 controls output 7" value="0" />
        <varValue item="F4 controls output 8" value="0" />
        <varValue item="F5 controls output 7" value="0" />
        <varValue item="F5 controls output 8" value="0" />
        <varValue item="F6 controls output 7" value="0" />
        <varValue item="F6 controls output 8" value="0" />
        <varValue item="F7 controls output 7" value="0" />
        <varValue item="F7 controls output 8" value="0" />
        <varValue item="F8 controls output 7" value="0" />
        <varValue item="F8 controls output 8" value="0" />
        <varValue item="F9 controls output 7" value="0" />
        <varValue item="F9 controls output 8" value="0" />
        <varValue item="F10 controls output 7" value="0" />
        <varValue item="F10 controls output 8" value="0" />
        <varValue item="F11 controls output 7" value="0" />
        <varValue item="F11 controls output 8" value="0" />
        <varValue item="F12 controls output 7" value="0" />
        <varValue item="F12 controls output 8" value="0" />
        <varValue item="F1(r) controls output 7" value="0" />
        <varValue item="F1(r) controls output 8" value="0" />
        <varValue item="F2(r) controls output 7" value="0" />
        <varValue item="F2(r) controls output 8" value="0" />
        <varValue item="Vstart" value="0" />
        <varValue item="Acceleration Rate" value="20" />
        <varValue item="Deceleration Rate" value="10" />
        <varValue item="Motor frequency" value="1" />
        <varValue item="Motor proportional controller" value="3" />
        <varValue item="Motor integral controller" value="3" />
        <varValue item="Motor measurement period" value="1" />
        <varValue item="Motor impulse width" value="3" />
        <varValue item="Type of speed curve" value="1" />
        <varValue item="Invert motor pins" value="0" />
        <varValue item="Invert light pins" value="0" />
        <varValue item="Invert track pins" value="0" />
        <varValue item="Nbr of braking sections" value="0" />
        <varValue item="Accel. time in shunting mode" value="1" />
        <varValue item="Consist Address Active For F1" value="1" />
        <varValue item="Consist Address Active For F2" value="1" />
        <varValue item="Consist Address Active For F3" value="1" />
        <varValue item="Consist Address Active For F4" value="1" />
        <varValue item="Consist Address Active For F5" value="1" />
        <varValue item="Consist Address Active For F6" value="1" />
        <varValue item="Consist Address Active For F7" value="1" />
        <varValue item="Consist Address Active For F8" value="1" />
        <varValue item="Consist Address Active For FL in Forward" value="0" />
        <varValue item="Consist Address Active For FL in Reverse" value="0" />
        <varValue item="Consist Address Active For F9" value="0" />
        <varValue item="Consist Address Active For F10" value="0" />
        <varValue item="Consist Address Active For F11" value="0" />
        <varValue item="Consist Address Active For F12" value="0" />
        <varValue item="Lights dimming (normal)" value="31" />
        <varValue item="Lights dimming (dimmed)" value="15" />
        <varValue item="AUX 1 dimming" value="31" />
        <varValue item="AUX 2 dimming" value="31" />
        <varValue item="AUX 1 Auto-off timer" value="0" />
        <varValue item="AUX 2 Auto-off timer" value="0" />
        <varValue item="AUX 3 Auto-off timer" value="8" />
        <varValue item="AUX 4 Auto-off timer" value="8" />
        <varValue item="F1 precludes front lights" value="0" />
        <varValue item="F2 precludes front lights" value="0" />
        <varValue item="F3 precludes front lights" value="0" />
        <varValue item="F4 precludes front lights" value="0" />
        <varValue item="F5 precludes front lights" value="0" />
        <varValue item="F6 precludes front lights" value="0" />
        <varValue item="F7 precludes front lights" value="0" />
        <varValue item="F8 precludes front lights" value="0" />
        <varValue item="F1 precludes rear lights" value="0" />
        <varValue item="F2 precludes rear lights" value="0" />
        <varValue item="F3 precludes rear lights" value="0" />
        <varValue item="F4 precludes rear lights" value="0" />
        <varValue item="F5 precludes rear lights" value="0" />
        <varValue item="F6 precludes rear lights" value="0" />
        <varValue item="F7 precludes rear lights" value="0" />
        <varValue item="F8 precludes rear lights" value="0" />
        <varValue item="F1 precludes AUX 1" value="0" />
        <varValue item="F2 precludes AUX 1" value="0" />
        <varValue item="F3 precludes AUX 1" value="0" />
        <varValue item="F4 precludes AUX 1" value="0" />
        <varValue item="F5 precludes AUX 1" value="0" />
        <varValue item="F6 precludes AUX 1" value="0" />
        <varValue item="F7 precludes AUX 1" value="0" />
        <varValue item="F8 precludes AUX 1" value="0" />
        <varValue item="F1 precludes AUX 2" value="0" />
        <varValue item="F2 precludes AUX 2" value="0" />
        <varValue item="F3 precludes AUX 2" value="0" />
        <varValue item="F4 precludes AUX 2" value="0" />
        <varValue item="F5 precludes AUX 2" value="0" />
        <varValue item="F6 precludes AUX 2" value="0" />
        <varValue item="F7 precludes AUX 2" value="0" />
        <varValue item="F8 precludes AUX 2" value="0" />
        <varValue item="Primary Address" value="3" />
        <varValue item="Extended Address" value="3044" />
        <varValue item="Address Format" value="1" />
        <varValue item="Speed Steps" value="1" />
        <varValue item="Locomotive Direction" value="0" />
        <varValue item="Locomotive Direction In Consist" value="0" />
        <varValue item="Advanced Consist Address" value="0" />
        <varValue item="Manufacturer Version No: " value="117" />
        <varValue item="Manufacturer ID: " value="97" />
        <varValue item="User ID #1 (0-255)" value="19" />
        <varValue item="User ID #2 (0-255)" value="0" />
        <varValue item="Vhigh" value="97" />
        <varValue item="Speed in shunting mode" value="63" />
        <varValue item="Brake on asymmetrical signal (normal)" value="1" />
        <varValue item="Brake on asymmetrical signal (inverted)" value="0" />
        <varValue item="Brake on negative power" value="1" />
        <varValue item="Brake on positive power" value="0" />
        <varValue item="Brake with diode (normal)" value="0" />
        <varValue item="Brake with diode (inverted)" value="0" />
        <varValue item="Function for front and rear lights on" value="0" />
        <varValue item="Function for AUX 1 and AUX 2 on" value="0" />
        <varValue item="Reduced speed in braking zones" value="63" />
        <varValue item="Threshold for asymmetric behavior" value="6" />
        <varValue item="Speed reduction in DC mode" value="15" />
        <varValue item="Forward Trim" value="0" />
        <varValue item="Reverse Trim" value="0" />
        <varValue item="Power Source Conversion" value="1" />
        <varValue item="Analog Mode Function Status - F1" value="0" />
        <varValue item="Analog Mode Function Status - F2" value="0" />
        <varValue item="Analog Mode Function Status - F3" value="0" />
        <varValue item="Analog Mode Function Status - F4" value="0" />
        <varValue item="Analog Mode Function Status - F5" value="0" />
        <varValue item="Analog Mode Function Status - F6" value="0" />
        <varValue item="Analog Mode Function Status - F7" value="0" />
        <varValue item="Analog Mode Function Status - F8" value="0" />
        <varValue item="Analog Mode Function Status - FL(f)" value="1" />
        <varValue item="Analog Mode Function Status - FL(r)" value="1" />
        <varValue item="Analog Mode Function Status - F9" value="0" />
        <varValue item="Analog Mode Function Status - F10" value="0" />
        <varValue item="Analog Mode Function Status - F11" value="0" />
        <varValue item="Analog Mode Function Status - F12" value="0" />
        <varValue item="Feedback (RailCom) enabled" value="1" />
        <varValue item="Address broadcast" value="1" />
        <varValue item="POM enable" value="1" />
        <varValue item="Multiplicator for speed fedback" value="0" />
        <varValue item="Divider for speed fedback" value="0" />
        <varValue item="Dynamic Channel (BiDi)" value="0" />
        <varValue item="Motorola" value="1" />
        <varValue item="Reverse Motorola direction" value="0" />
        <varValue item="Function for engine sound" value="1" />
        <varValue item="Function for background sound" value="1" />
        <varValue item="Function for startup sound" value="0" />
        <varValue item="Function for braking sound" value="15" />
        <varValue item="Function for sound fader" value="0" />
        <varValue item="Function for sound container 3" value="2" />
        <varValue item="Function for sound container 4" value="3" />
        <varValue item="Function for sound container 5" value="11" />
        <varValue item="Function for sound container 6" value="12" />
        <varValue item="Function for sound container 7" value="13" />
        <varValue item="Function for sound container 8" value="14" />
        <varValue item="Function for sound container 9" value="16" />
        <varValue item="Function for sound container 10" value="0" />
        <varValue item="Function for sound container 11" value="18" />
        <varValue item="Function for sound container 12" value="4" />
        <varValue item="Function for sound container 13" value="19" />
        <varValue item="Function for sound container 14" value="0" />
        <varValue item="Function for sound container 15" value="0" />
        <varValue item="Function for sound container 16" value="1" />
        <varValue item="General volume" value="70" />
        <varValue item="Volume engine sound" value="200" />
        <varValue item="Volume background sounds" value="90" />
        <varValue item="Volume startup sound" value="128" />
        <varValue item="Volume braking sound" value="160" />
        <varValue item="Volume sound container 3" value="180" />
        <varValue item="Volume sound container 4" value="180" />
        <varValue item="Volume sound container 5" value="180" />
        <varValue item="Volume sound container 6" value="128" />
        <varValue item="Volume sound container 7" value="90" />
        <varValue item="Volume sound container 8" value="90" />
        <varValue item="Volume sound container 9" value="200" />
        <varValue item="Volume sound container 10" value="128" />
        <varValue item="Volume sound container 11" value="165" />
        <varValue item="Volume sound container 12" value="65" />
        <varValue item="Volume sound container 13" value="65" />
        <varValue item="Volume sound container 14" value="128" />
        <varValue item="Volume sound container 15" value="128" />
        <varValue item="Volume sound container 16" value="128" />
        <varValue item="Max time to standstill sound" value="0" />
        <varValue item="Smoke puffs at speed 1" value="120" />
        <varValue item="Smoke puffs at higher speed step" value="20" />
        <varValue item="Breaking noise at minimal speed step" value="20" />
        <varValue item="Breaking noise at start up speed step" value="13" />
        <varValue item="Modulation at speed step 1" value="0" />
        <varValue item="Modulation at speed step 127" value="11" />
        <varValue item="Fade-out time in seconds" value="8" />
        <varValue item="Flash-ROM protection" value="0" />
        <varValue item="Threshold ZVS" value="0" />
        <varValue item="Smoke puffs at speed 127" value="0" />
        <varValue item="Breaking noise speed step 1" value="10" />
        <varValue item="Breaking noise delay" value="3" />
        <varValue item="Required speedsteps before braking sound" value="0" />
        <varValue item="Random stillstand sounds" value="1" />
        <varValue item="Random running sound" value="1" />
        <varValue item="Forward random sounds to SUSI" value="0" />
        <varValue item="Volume dynamic sounds" value="40" />
        <varValue item="Volume turbo sounds" value="95" />
        <varValue item="Modulation dynamic braking" value="0" />
        <varValue item="Modulation dynamic run" value="8" />
        <varValue item="Modulation turbo (proportional)" value="0" />
        <varValue item="Modulation turbo (integral)" value="0" />
        <varValue item="Volume sound fader" value="0" />
        <varValue item="SUSI mode" value="0" />
        <varValue item="Deactivate energy saving mode" value="1" />
        <varValue item="Revert SUSI direction" value="0" />
        <varValue item="Deactivate SUSI startup delay" value="0" />
        <varValue item="Extended mapping" value="0" />
        <varValue item="AUX on SUSI" value="0" />
        <varValue item="Push timer" value="7" />
        <varValue item="Wait timer" value="7" />
        <varValue item="Away timer" value="10" />
        <varValue item="Speedstep for pushing" value="8" />
        <varValue item="Speedstep for getting away" value="8" />
        <varValue item="Deactivate auto decoupling and timer" value="0" />
        <varValue item="Auto decoupling only in shunting speed" value="0" />
        <varValue item="F1 precludes AUX 3" value="0" />
        <varValue item="F2 precludes AUX 3" value="0" />
        <varValue item="F3 precludes AUX 3" value="0" />
        <varValue item="F4 precludes AUX 3" value="0" />
        <varValue item="F5 precludes AUX 3" value="0" />
        <varValue item="F6 precludes AUX 3" value="0" />
        <varValue item="F7 precludes AUX 3" value="0" />
        <varValue item="F8 precludes AUX 3" value="0" />
        <varValue item="F1 precludes AUX 4" value="0" />
        <varValue item="F2 precludes AUX 4" value="0" />
        <varValue item="F3 precludes AUX 4" value="1" />
        <varValue item="F4 precludes AUX 4" value="0" />
        <varValue item="F5 precludes AUX 4" value="0" />
        <varValue item="F6 precludes AUX 4" value="0" />
        <varValue item="F7 precludes AUX 4" value="0" />
        <varValue item="F8 precludes AUX 4" value="0" />
        <varValue item="F1 precludes AUX 5" value="0" />
        <varValue item="F2 precludes AUX 5" value="0" />
        <varValue item="F3 precludes AUX 5" value="0" />
        <varValue item="F4 precludes AUX 5" value="0" />
        <varValue item="F5 precludes AUX 5" value="0" />
        <varValue item="F6 precludes AUX 5" value="0" />
        <varValue item="F7 precludes AUX 5" value="0" />
        <varValue item="F8 precludes AUX 5" value="0" />
        <varValue item="F1 precludes AUX 6" value="0" />
        <varValue item="F2 precludes AUX 6" value="0" />
        <varValue item="F3 precludes AUX 6" value="0" />
        <varValue item="F4 precludes AUX 6" value="0" />
        <varValue item="F5 precludes AUX 6" value="0" />
        <varValue item="F6 precludes AUX 6" value="0" />
        <varValue item="F7 precludes AUX 6" value="0" />
        <varValue item="F8 precludes AUX 6" value="0" />
        <varValue item="AUX 5 Auto-off timer" value="0" />
        <varValue item="AUX 6 Auto-off timer" value="0" />
        <varValue item="Function for dimmed lights" value="0" />
        <varValue item="Function for shunting speed" value="0" />
        <varValue item="Function to deactivate start delay" value="0" />
        <varValue item="Reduce volume with function" value="21" />
        <varValue item="Increase volume with function" value="22" />
        <varValue item="Deactivate braking sound with function" value="20" />
        <varValue item="Force neutral gear sound with function" value="0" />
        <varValue item="Condition LV    " value="0" />
        <varValue item="Condition LV" value="0" />
        <varValue item="Condition LV A" value="0" />
        <varValue item="Condition LV B" value="0" />
        <varValue item="Condition LV C" value="0" />
        <varValue item="Condition LV D" value="0" />
        <varValue item="Condition LR    " value="0" />
        <varValue item="Condition LR" value="0" />
        <varValue item="Condition LR A" value="0" />
        <varValue item="Condition LR B" value="0" />
        <varValue item="Condition LR C" value="0" />
        <varValue item="Condition LR D" value="0" />
        <varValue item="Condition AUX1" value="0" />
        <varValue item="Condition AUX1" value="0" />
        <varValue item="Condition AUX1 A" value="0" />
        <varValue item="Condition AUX1 B" value="0" />
        <varValue item="Condition AUX1 C" value="0" />
        <varValue item="Condition AUX1 D" value="0" />
        <varValue item="Condition AUX2" value="0" />
        <varValue item="Condition AUX2" value="0" />
        <varValue item="Condition AUX2 A" value="0" />
        <varValue item="Condition AUX2 B" value="0" />
        <varValue item="Condition AUX2 C" value="0" />
        <varValue item="Condition AUX2 D" value="0" />
        <varValue item="Condition AUX3" value="1" />
        <varValue item="Condition AUX3" value="1" />
        <varValue item="Condition AUX3 A" value="1" />
        <varValue item="Condition AUX3 B" value="0" />
        <varValue item="Condition AUX3 C" value="0" />
        <varValue item="Condition AUX3 D" value="0" />
        <varValue item="Condition AUX4" value="2" />
        <varValue item="Condition AUX4" value="2" />
        <varValue item="Condition AUX4 A" value="2" />
        <varValue item="Condition AUX4 B" value="0" />
        <varValue item="Condition AUX4 C" value="0" />
        <varValue item="Condition AUX4 D" value="0" />
        <varValue item="Condition AUX5" value="0" />
        <varValue item="Condition AUX5" value="0" />
        <varValue item="Condition AUX5 A" value="0" />
        <varValue item="Condition AUX5 B" value="0" />
        <varValue item="Condition AUX5 C" value="0" />
        <varValue item="Condition AUX5 D" value="0" />
        <varValue item="Condition AUX6" value="0" />
        <varValue item="Condition AUX6" value="0" />
        <varValue item="Condition AUX6 A" value="0" />
        <varValue item="Condition AUX6 B" value="0" />
        <varValue item="Condition AUX6 C" value="0" />
        <varValue item="Condition AUX6 D" value="0" />
        <varValue item="LV" value="0" />
        <varValue item="LR" value="0" />
        <varValue item="AUX1" value="0" />
        <varValue item="AUX2" value="0" />
        <varValue item="AUX3" value="0" />
        <varValue item="AUX4" value="0" />
        <varValue item="AUX5" value="0" />
        <varValue item="AUX6" value="0" />
        <varValue item="Deceleration forward and backward" value="0" />
        <varValue item="Deceleration backward" value="0" />
        <varValue item="Manufacturer" value="97" />
        <varValue item="Decoder ID" value="222" />
        <varValue item="Decoder ID" value="28" />
        <varValue item="Firmware Version" value="1" />
        <varValue item="Date" value="13" />
        <varValue item="Revision" value="9" />
        <varValue item="Date" value="117" />
      </decoderDef>
      <CVvalue name="33" value="1" />
      <CVvalue name="34" value="2" />
      <CVvalue name="35" value="0" />
      <CVvalue name="36" value="0" />
      <CVvalue name="37" value="0" />
      <CVvalue name="38" value="48" />
      <CVvalue name="39" value="0" />
      <CVvalue name="40" value="0" />
      <CVvalue name="41" value="0" />
      <CVvalue name="42" value="0" />
      <CVvalue name="43" value="0" />
      <CVvalue name="44" value="0" />
      <CVvalue name="45" value="0" />
      <CVvalue name="46" value="0" />
      <CVvalue name="47" value="0" />
      <CVvalue name="64" value="0" />
      <CVvalue name="2" value="0" />
      <CVvalue name="3" value="20" />
      <CVvalue name="4" value="10" />
      <CVvalue name="9" value="1" />
      <CVvalue name="56" value="3" />
      <CVvalue name="57" value="3" />
      <CVvalue name="58" value="1" />
      <CVvalue name="59" value="3" />
      <CVvalue name="48" value="1" />
      <CVvalue name="51" value="0" />
      <CVvalue name="60" value="0" />
      <CVvalue name="62" value="1" />
      <CVvalue name="21" value="255" />
      <CVvalue name="22" value="0" />
      <CVvalue name="52" value="31" />
      <CVvalue name="53" value="15" />
      <CVvalue name="54" value="31" />
      <CVvalue name="55" value="31" />
      <CVvalue name="117" value="0" />
      <CVvalue name="118" value="0" />
      <CVvalue name="119" value="8" />
      <CVvalue name="120" value="8" />
      <CVvalue name="113" value="0" />
      <CVvalue name="114" value="0" />
      <CVvalue name="115" value="0" />
      <CVvalue name="116" value="0" />
      <CVvalue name="1" value="3" />
      <CVvalue name="17" value="203" />
      <CVvalue name="18" value="228" />
      <CVvalue name="29" value="46" />
      <CVvalue name="19" value="0" />
      <CVvalue name="7" value="117" />
      <CVvalue name="8" value="97" />
      <CVvalue name="105" value="19" />
      <CVvalue name="106" value="0" />
      <CVvalue name="5" value="97" />
      <CVvalue name="61" value="63" />
      <CVvalue name="27" value="17" />
      <CVvalue name="121" value="0" />
      <CVvalue name="122" value="0" />
      <CVvalue name="123" value="63" />
      <CVvalue name="134" value="6" />
      <CVvalue name="112" value="15" />
      <CVvalue name="66" value="0" />
      <CVvalue name="95" value="0" />
      <CVvalue name="13" value="0" />
      <CVvalue name="14" value="3" />
      <CVvalue name="28" value="3" />
      <CVvalue name="135" value="0" />
      <CVvalue name="136" value="0" />
      <CVvalue name="144" value="0" />
      <CVvalue name="12" value="1" />
      <CVvalue name="311" value="1" />
      <CVvalue name="312" value="1" />
      <CVvalue name="313" value="0" />
      <CVvalue name="314" value="15" />
      <CVvalue name="329" value="0" />
      <CVvalue name="315" value="2" />
      <CVvalue name="316" value="3" />
      <CVvalue name="317" value="11" />
      <CVvalue name="318" value="12" />
      <CVvalue name="319" value="13" />
      <CVvalue name="320" value="14" />
      <CVvalue name="321" value="16" />
      <CVvalue name="322" value="0" />
      <CVvalue name="323" value="18" />
      <CVvalue name="324" value="4" />
      <CVvalue name="325" value="19" />
      <CVvalue name="326" value="0" />
      <CVvalue name="327" value="0" />
      <CVvalue name="328" value="1" />
      <CVvalue name="330" value="70" />
      <CVvalue name="331" value="200" />
      <CVvalue name="332" value="90" />
      <CVvalue name="333" value="128" />
      <CVvalue name="334" value="160" />
      <CVvalue name="335" value="180" />
      <CVvalue name="336" value="180" />
      <CVvalue name="337" value="180" />
      <CVvalue name="338" value="128" />
      <CVvalue name="339" value="90" />
      <CVvalue name="340" value="90" />
      <CVvalue name="341" value="200" />
      <CVvalue name="342" value="128" />
      <CVvalue name="343" value="165" />
      <CVvalue name="344" value="65" />
      <CVvalue name="345" value="65" />
      <CVvalue name="346" value="128" />
      <CVvalue name="347" value="128" />
      <CVvalue name="348" value="128" />
      <CVvalue name="350" value="0" />
      <CVvalue name="353" value="120" />
      <CVvalue name="354" value="20" />
      <CVvalue name="355" value="20" />
      <CVvalue name="356" value="13" />
      <CVvalue name="357" value="0" />
      <CVvalue name="358" value="11" />
      <CVvalue name="359" value="8" />
      <CVvalue name="360" value="0" />
      <CVvalue name="361" value="0" />
      <CVvalue name="362" value="0" />
      <CVvalue name="364" value="10" />
      <CVvalue name="365" value="3" />
      <CVvalue name="366" value="0" />
      <CVvalue name="367" value="3" />
      <CVvalue name="368" value="40" />
      <CVvalue name="369" value="95" />
      <CVvalue name="370" value="0" />
      <CVvalue name="371" value="8" />
      <CVvalue name="372" value="0" />
      <CVvalue name="373" value="0" />
      <CVvalue name="349" value="0" />
      <CVvalue name="137" value="2" />
      <CVvalue name="138" value="7" />
      <CVvalue name="139" value="7" />
      <CVvalue name="140" value="10" />
      <CVvalue name="141" value="8" />
      <CVvalue name="142" value="8" />
      <CVvalue name="143" value="0" />
      <CVvalue name="125" value="0" />
      <CVvalue name="126" value="4" />
      <CVvalue name="127" value="0" />
      <CVvalue name="128" value="0" />
      <CVvalue name="129" value="0" />
      <CVvalue name="130" value="0" />
      <CVvalue name="131" value="0" />
      <CVvalue name="132" value="0" />
      <CVvalue name="133" value="0" />
      <CVvalue name="374" value="21" />
      <CVvalue name="375" value="22" />
      <CVvalue name="376" value="20" />
      <CVvalue name="377" value="0" />
      <CVvalue name="145" value="0" />
      <CVvalue name="146" value="0" />
      <CVvalue name="147" value="0" />
      <CVvalue name="148" value="0" />
      <CVvalue name="149" value="1" />
      <CVvalue name="150" value="2" />
      <CVvalue name="151" value="0" />
      <CVvalue name="152" value="0" />
      <CVvalue name="153" value="0" />
      <CVvalue name="154" value="0" />
      <CVvalue name="155" value="0" />
      <CVvalue name="260" value="97" />
      <CVvalue name="261" value="222" />
      <CVvalue name="262" value="1" />
      <CVvalue name="263" value="13" />
      <CVvalue name="264" value="9" />
      <CVvalue name="265" value="117" />
      <CVvalue name="50" value="2" />
      <CVvalue name="63" value="0" />
      <CVvalue name="49" value="1" />
      <CVvalue name="911" value="1" />
      <CVvalue name="912" value="1" />
      <CVvalue name="913" value="0" />
      <CVvalue name="914" value="7" />
      <CVvalue name="929" value="8" />
      <CVvalue name="915" value="2" />
      <CVvalue name="916" value="3" />
      <CVvalue name="917" value="4" />
      <CVvalue name="918" value="5" />
      <CVvalue name="919" value="6" />
      <CVvalue name="920" value="9" />
      <CVvalue name="921" value="10" />
      <CVvalue name="922" value="11" />
      <CVvalue name="923" value="12" />
      <CVvalue name="924" value="13" />
      <CVvalue name="925" value="14" />
      <CVvalue name="926" value="15" />
      <CVvalue name="927" value="16" />
      <CVvalue name="928" value="17" />
      <CVvalue name="930" value="64" />
      <CVvalue name="931" value="128" />
      <CVvalue name="932" value="128" />
      <CVvalue name="933" value="128" />
      <CVvalue name="934" value="128" />
      <CVvalue name="935" value="128" />
      <CVvalue name="936" value="128" />
      <CVvalue name="937" value="128" />
      <CVvalue name="938" value="128" />
      <CVvalue name="939" value="128" />
      <CVvalue name="940" value="128" />
      <CVvalue name="941" value="128" />
      <CVvalue name="942" value="128" />
      <CVvalue name="943" value="128" />
      <CVvalue name="944" value="128" />
      <CVvalue name="945" value="128" />
      <CVvalue name="946" value="128" />
      <CVvalue name="947" value="128" />
      <CVvalue name="948" value="128" />
      <CVvalue name="950" value="0" />
      <CVvalue name="951" value="3" />
      <CVvalue name="952" value="3" />
      <CVvalue name="953" value="120" />
      <CVvalue name="954" value="20" />
      <CVvalue name="955" value="20" />
      <CVvalue name="956" value="13" />
      <CVvalue name="957" value="0" />
      <CVvalue name="958" value="11" />
      <CVvalue name="959" value="8" />
      <CVvalue name="960" value="0" />
      <CVvalue name="961" value="9" />
      <CVvalue name="962" value="0" />
      <CVvalue name="964" value="6" />
      <CVvalue name="965" value="3" />
      <CVvalue name="966" value="0" />
      <CVvalue name="967" value="3" />
      <CVvalue name="968" value="128" />
      <CVvalue name="969" value="128" />
      <CVvalue name="970" value="0" />
      <CVvalue name="971" value="0" />
      <CVvalue name="972" value="0" />
      <CVvalue name="973" value="0" />
      <CVvalue name="949" value="0" />
      <CVvalue name="974" value="0" />
      <CVvalue name="975" value="0" />
      <CVvalue name="976" value="0" />
      <CVvalue name="977" value="0" />
    </values>
  </locomotive>
</locomotive-config>
