<?xml version="1.0" encoding="UTF-8"?>
<?xml-stylesheet href="/xml/XSLT/roster2array.xsl" type="text/xsl"?>
<roster-config xmlns:xsi="http://www.w3.org/2001/XMLSchema-instance" xsi:noNamespaceSchemaLocation="http://jmri.org/xml/schema/roster.xsd">
  <!--Written by JMRI version 4.20+Rc7ba8249b on Tue Jul 13 07:42:38 CDT 2021-->
  <roster>
    <locomotive id="Bag car" fileName="Bag_car.xml" roadNumber="" roadName="" mfg="" owner="chauens" model="" dccAddress="20" comment="" maxSpeed="100" imageFilePath="" iconFilePath="" URL="" IsShuntingOn="">
      <dateUpdated>2021-03-09T00:01:46.284+0000</dateUpdated>
      <decoder model="FL2" family="TCS FL2 and FL4 Decoders" comment="" />
      <locoaddress>
        <dcclocoaddress number="20" longaddress="no" />
        <number>20</number>
        <protocol>dcc_short</protocol>
      </locoaddress>
      <functionlabels>
        <functionlabel num="4" lockable="false" functionImage="" functionImageSelected="">Coupler</functionlabel>
      </functionlabels>
      <soundlabels />
    </locomotive>
    <locomotive id="BayBBII" fileName="BayBBII.xml" roadNumber="" roadName="" mfg="Roco" owner="chauens" model="" dccAddress="2508" comment="" maxSpeed="100" imageFilePath="" iconFilePath="" URL="" IsShuntingOn="">
      <dateUpdated>2021-03-02T14:51:02.637+0000</dateUpdated>
      <decoder model="LokSound Micro V4.0" family="ESU LokSound V4.0" comment="" />
      <locoaddress>
        <dcclocoaddress number="2508" longaddress="yes" />
        <number>2508</number>
        <protocol>dcc_long</protocol>
      </locoaddress>
      <functionlabels>
        <functionlabel num="0" lockable="true" functionImage="" functionImageSelected="">Lights</functionlabel>
        <functionlabel num="1" lockable="true" functionImage="" functionImageSelected="">Sound</functionlabel>
        <functionlabel num="2" lockable="false" functionImage="" functionImageSelected="">Whistle1</functionlabel>
        <functionlabel num="3" lockable="false" functionImage="" functionImageSelected="">Whistle2</functionlabel>
        <functionlabel num="4" lockable="false" functionImage="" functionImageSelected="">Coupler</functionlabel>
        <functionlabel num="5" lockable="true" functionImage="" functionImageSelected="">Bell</functionlabel>
        <functionlabel num="6" lockable="true" functionImage="" functionImageSelected="">Shunting</functionlabel>
      </functionlabels>
      <soundlabels>
        <soundlabel num="25">Random sounds</soundlabel>
        <soundlabel num="26">Automatic brake sound</soundlabel>
        <soundlabel num="27">Gear shift sound</soundlabel>
      </soundlabels>
    </locomotive>
    <locomotive id="BayDVI" fileName="BayDVI.xml" roadNumber="" roadName="" mfg="Roco" owner="chauens" model="" dccAddress="1802" comment="" maxSpeed="70" imageFilePath="" iconFilePath="" URL="" IsShuntingOn="">
      <dateUpdated>2021-03-02T14:50:31.972+0000</dateUpdated>
      <decoder model="MX648 version 32+" family="Zimo Unified software (version 32+)" comment="" />
      <locoaddress>
        <dcclocoaddress number="1802" longaddress="yes" />
        <number>1802</number>
        <protocol>dcc_long</protocol>
      </locoaddress>
      <functionlabels>
        <functionlabel num="0" lockable="true" functionImage="" functionImageSelected="">Lights</functionlabel>
        <functionlabel num="1" lockable="true" functionImage="" functionImageSelected="">Sound</functionlabel>
        <functionlabel num="2" lockable="false" functionImage="" functionImageSelected="">Whistle1</functionlabel>
        <functionlabel num="3" lockable="false" functionImage="" functionImageSelected="">Whistle2</functionlabel>
        <functionlabel num="4" lockable="false" functionImage="" functionImageSelected="">Coupler</functionlabel>
        <functionlabel num="5" lockable="true" functionImage="" functionImageSelected="">Bell</functionlabel>
        <functionlabel num="6" lockable="true" functionImage="" functionImageSelected="">Shunting</functionlabel>
        <functionlabel num="9" lockable="true" functionImage="" functionImageSelected="">Shunting</functionlabel>
      </functionlabels>
      <soundlabels />
    </locomotive>
    <locomotive id="BayEG1" fileName="BayEG1.xml" roadNumber="" roadName="" mfg="Brawa" owner="chauens" model="" dccAddress="1073" comment="" maxSpeed="100" imageFilePath="" iconFilePath="" URL="" IsShuntingOn="">
      <dateUpdated>2021-03-02T14:50:03.147+0000</dateUpdated>
      <decoder model="LokSound V4.0 M4 OEM" family="ESU LokSound V4.0" comment="" />
      <locoaddress>
        <dcclocoaddress number="1073" longaddress="yes" />
        <number>1073</number>
        <protocol>dcc_long</protocol>
      </locoaddress>
      <functionlabels>
        <functionlabel num="0" lockable="true" functionImage="" functionImageSelected="">Light</functionlabel>
        <functionlabel num="1" lockable="true" functionImage="" functionImageSelected="">Sound</functionlabel>
        <functionlabel num="2" lockable="false" functionImage="" functionImageSelected="">Whistle1</functionlabel>
        <functionlabel num="3" lockable="false" functionImage="" functionImageSelected="">Whistle2</functionlabel>
        <functionlabel num="4" lockable="false" functionImage="" functionImageSelected="">Coupler</functionlabel>
        <functionlabel num="5" lockable="true" functionImage="" functionImageSelected="">Bell</functionlabel>
        <functionlabel num="6" lockable="true" functionImage="" functionImageSelected="">Shunting</functionlabel>
      </functionlabels>
      <soundlabels />
    </locomotive>
    <locomotive id="BayG4/5" fileName="BayG4_5.xml" roadNumber="" roadName="" mfg="Brawa" owner="chauens" model="" dccAddress="5506" comment="" maxSpeed="100" imageFilePath="" iconFilePath="" URL="" IsShuntingOn="">
      <dateUpdated>2021-04-27T20:54:18.639+0000</dateUpdated>
      <decoder model="LokSound V4.0 M4 OEM" family="ESU LokSound V4.0" comment="" />
      <locoaddress>
        <dcclocoaddress number="5506" longaddress="yes" />
        <number>5506</number>
        <protocol>dcc_long</protocol>
      </locoaddress>
      <functionlabels>
        <functionlabel num="0" lockable="true" functionImage="" functionImageSelected="">Lights</functionlabel>
        <functionlabel num="1" lockable="true" functionImage="" functionImageSelected="">Sound</functionlabel>
        <functionlabel num="2" lockable="false" functionImage="" functionImageSelected="">Whistle1</functionlabel>
        <functionlabel num="3" lockable="false" functionImage="" functionImageSelected="">Whistle2</functionlabel>
        <functionlabel num="4" lockable="false" functionImage="" functionImageSelected="">Coupler</functionlabel>
        <functionlabel num="5" lockable="true" functionImage="" functionImageSelected="">Bell</functionlabel>
        <functionlabel num="6" lockable="true" functionImage="" functionImageSelected="">Shunting</functionlabel>
      </functionlabels>
      <soundlabels />
    </locomotive>
    <locomotive id="BayP3/5" fileName="BayP3_5.xml" roadNumber="" roadName="" mfg="Brawa" owner="chauens" model="" dccAddress="3842" comment="" maxSpeed="100" imageFilePath="" iconFilePath="" URL="" IsShuntingOn="F6">
      <dateUpdated>2021-03-02T14:52:22.387+0000</dateUpdated>
      <decoder model="LokSound V4.0 M4 OEM" family="ESU LokSound V4.0" comment="" />
      <locoaddress>
        <dcclocoaddress number="3842" longaddress="yes" />
        <number>3842</number>
        <protocol>dcc_long</protocol>
      </locoaddress>
      <functionlabels>
        <functionlabel num="0" lockable="true" functionImage="" functionImageSelected="">Lights</functionlabel>
        <functionlabel num="1" lockable="true" functionImage="" functionImageSelected="">Sound</functionlabel>
        <functionlabel num="2" lockable="false" functionImage="" functionImageSelected="">Whistle1</functionlabel>
        <functionlabel num="3" lockable="false" functionImage="" functionImageSelected="">Whistle2</functionlabel>
        <functionlabel num="4" lockable="false" functionImage="" functionImageSelected="">Coupler</functionlabel>
        <functionlabel num="5" lockable="false" functionImage="" functionImageSelected="">Bell</functionlabel>
        <functionlabel num="6" lockable="true" functionImage="" functionImageSelected="">Shunting</functionlabel>
      </functionlabels>
      <soundlabels>
        <soundlabel num="25">Random sounds</soundlabel>
        <soundlabel num="26">Automatic brake sound</soundlabel>
        <soundlabel num="27">Gear shift sound</soundlabel>
      </soundlabels>
    </locomotive>
    <locomotive id="BayPTL2/2" fileName="BayPTL2_20.xml" roadNumber="" roadName="" mfg="Roco" owner="chauens" model="" dccAddress="4526" comment="" maxSpeed="100" imageFilePath="" iconFilePath="" URL="" IsShuntingOn="">
      <dateUpdated>2021-02-24T21:42:12.921+0000</dateUpdated>
      <decoder model="Silver Mini" family="Lenz Silver with 6th gen BEMF" comment="" />
      <locoaddress>
        <dcclocoaddress number="4526" longaddress="yes" />
        <number>4526</number>
        <protocol>dcc_long</protocol>
      </locoaddress>
      <functionlabels>
        <functionlabel num="0" lockable="true" functionImage="" functionImageSelected="">Lights</functionlabel>
      </functionlabels>
      <soundlabels />
    </locomotive>
    <locomotive id="BayS3/6" fileName="BayS3_6.xml" roadNumber="" roadName="" mfg="Brawa" owner="chauens" model="" dccAddress="3601" comment="" maxSpeed="100" imageFilePath="" iconFilePath="" URL="" IsShuntingOn="">
      <dateUpdated>2021-03-02T14:52:00.072+0000</dateUpdated>
      <decoder model="LokSound V4.0" family="ESU LokSound V4.0" comment="" />
      <locoaddress>
        <dcclocoaddress number="3601" longaddress="yes" />
        <number>3601</number>
        <protocol>dcc_long</protocol>
      </locoaddress>
      <functionlabels>
        <functionlabel num="0" lockable="true" functionImage="" functionImageSelected="">Lights</functionlabel>
        <functionlabel num="1" lockable="true" functionImage="" functionImageSelected="">Sound</functionlabel>
        <functionlabel num="2" lockable="false" functionImage="" functionImageSelected="">Whistle1</functionlabel>
        <functionlabel num="3" lockable="false" functionImage="" functionImageSelected="">Whistle2</functionlabel>
        <functionlabel num="4" lockable="false" functionImage="" functionImageSelected="">Coupler</functionlabel>
        <functionlabel num="5" lockable="false" functionImage="" functionImageSelected="">Conductors whistle</functionlabel>
        <functionlabel num="6" lockable="true" functionImage="" functionImageSelected="">Shunting</functionlabel>
      </functionlabels>
      <soundlabels />
    </locomotive>
    <locomotive id="Boxcar" fileName="Boxcar.xml" roadNumber="" roadName="" mfg="" owner="chauens" model="" dccAddress="10" comment="" maxSpeed="100" imageFilePath="" iconFilePath="" URL="" IsShuntingOn="">
      <dateUpdated>2021-03-08T17:11:10.681+0000</dateUpdated>
      <decoder model="FL2" family="TCS FL2 and FL4 Decoders" comment="" />
      <locoaddress>
        <dcclocoaddress number="10" longaddress="no" />
        <number>10</number>
        <protocol>dcc_short</protocol>
      </locoaddress>
      <functionlabels>
        <functionlabel num="4" lockable="false" functionImage="" functionImageSelected="">Coupler</functionlabel>
      </functionlabels>
      <soundlabels />
    </locomotive>
    <locomotive id="E17" fileName="E17.xml" roadNumber="" roadName="" mfg="Roco" owner="chauens" model="" dccAddress="1017" comment="" maxSpeed="100" imageFilePath="" iconFilePath="" URL="" IsShuntingOn="">
      <dateUpdated>2021-03-02T14:48:02.343+0000</dateUpdated>
      <decoder model="LokSound 5 DCC" family="ESU LokSound 5" comment="" />
      <locoaddress>
        <dcclocoaddress number="1017" longaddress="yes" />
        <number>1017</number>
        <protocol>dcc_long</protocol>
      </locoaddress>
      <functionlabels>
        <functionlabel num="0" lockable="true" functionImage="" functionImageSelected="">Light</functionlabel>
        <functionlabel num="1" lockable="true" functionImage="" functionImageSelected="">Sound</functionlabel>
        <functionlabel num="2" lockable="false" functionImage="" functionImageSelected="">Whistle1</functionlabel>
        <functionlabel num="3" lockable="false" functionImage="" functionImageSelected="">Whistle2</functionlabel>
        <functionlabel num="4" lockable="false" functionImage="" functionImageSelected="">Coupler</functionlabel>
        <functionlabel num="6" lockable="true" functionImage="" functionImageSelected="">Shunting</functionlabel>
      </functionlabels>
      <soundlabels />
    </locomotive>
    <locomotive id="E44.B" fileName="E44_B.xml" roadNumber="" roadName="" mfg="Brawa" owner="chauens" model="" dccAddress="3044" comment="" maxSpeed="100" imageFilePath="" iconFilePath="" URL="" IsShuntingOn="">
      <dateUpdated>2021-06-30T20:30:19.686+0000</dateUpdated>
      <decoder model="SD22A (firmware 1.06+)" family="Sound Decoders (2016)" comment="" />
      <locoaddress>
        <dcclocoaddress number="3044" longaddress="yes" />
        <number>3044</number>
        <protocol>dcc_long</protocol>
      </locoaddress>
      <functionlabels>
        <functionlabel num="0" lockable="true" functionImage="" functionImageSelected="">Lights</functionlabel>
        <functionlabel num="1" lockable="true" functionImage="" functionImageSelected="">Sound</functionlabel>
        <functionlabel num="17" lockable="false" functionImage="" functionImageSelected="">Coupler</functionlabel>
        <functionlabel num="2" lockable="false" functionImage="" functionImageSelected="">Whistle1</functionlabel>
        <functionlabel num="3" lockable="false" functionImage="" functionImageSelected="">Whistle2</functionlabel>
        <functionlabel num="4" lockable="false" functionImage="" functionImageSelected="">Coupler</functionlabel>
        <functionlabel num="5" lockable="true" functionImage="" functionImageSelected="">Head light off</functionlabel>
        <functionlabel num="6" lockable="true" functionImage="" functionImageSelected="">Tail light off</functionlabel>
        <functionlabel num="7" lockable="true" functionImage="" functionImageSelected="">deactivate head light</functionlabel>
        <functionlabel num="8" lockable="true" functionImage="" functionImageSelected="">Shunting</functionlabel>
        <functionlabel num="11" lockable="false" functionImage="" functionImageSelected="">Horn alternate</functionlabel>
      </functionlabels>
      <soundlabels />
    </locomotive>
    <locomotive id="E44.L" fileName="E44_L.xml" roadNumber="" roadName="" mfg="Liliput" owner="chauens" model="" dccAddress="1044" comment="" maxSpeed="100" imageFilePath="" iconFilePath="" URL="" IsShuntingOn="">
      <dateUpdated>2021-07-07T20:57:31.494+0000</dateUpdated>
      <decoder model="LokSound V4.0 M4 OEM" family="ESU LokSound V4.0" comment="" />
      <locoaddress>
        <dcclocoaddress number="1044" longaddress="yes" />
        <number>1044</number>
        <protocol>dcc_long</protocol>
      </locoaddress>
      <functionlabels>
        <functionlabel num="0" lockable="true" functionImage="" functionImageSelected="">Lights</functionlabel>
        <functionlabel num="1" lockable="true" functionImage="" functionImageSelected="">Sound</functionlabel>
        <functionlabel num="2" lockable="false" functionImage="" functionImageSelected="">Whistle1</functionlabel>
        <functionlabel num="3" lockable="false" functionImage="" functionImageSelected="">Whistle2</functionlabel>
        <functionlabel num="4" lockable="false" functionImage="" functionImageSelected="">Coupler</functionlabel>
        <functionlabel num="5" lockable="true" functionImage="" functionImageSelected="">Bell</functionlabel>
        <functionlabel num="6" lockable="true" functionImage="" functionImageSelected="">Shunting</functionlabel>
      </functionlabels>
      <soundlabels />
    </locomotive>
    <locomotive id="E44.R" fileName="E44_R.xml" roadNumber="" roadName="" mfg="Roco" owner="chauens" model="" dccAddress="2044" comment="" maxSpeed="100" imageFilePath="" iconFilePath="" URL="" IsShuntingOn="">
      <dateUpdated>2020-10-27T19:53:25.610+0000</dateUpdated>
      <decoder model="Gold" family="Lenz Gold with 6th gen BEMF" comment="" />
      <locoaddress>
        <dcclocoaddress number="2044" longaddress="yes" />
        <number>2044</number>
        <protocol>dcc_long</protocol>
      </locoaddress>
      <functionlabels />
      <soundlabels />
    </locomotive>
    <locomotive id="E60" fileName="E60.xml" roadNumber="" roadName="" mfg="Fleischmann" owner="chauens" model="" dccAddress="1060" comment="" maxSpeed="100" imageFilePath="" iconFilePath="" URL="" IsShuntingOn="">
      <dateUpdated>2021-07-09T17:38:25.393+0000</dateUpdated>
      <decoder model="MX645 version 32+" family="Zimo Unified software (version 32+)" comment="" />
      <locoaddress>
        <dcclocoaddress number="1060" longaddress="yes" />
        <number>1060</number>
        <protocol>dcc_long</protocol>
      </locoaddress>
      <functionlabels>
        <functionlabel num="0" lockable="true" functionImage="" functionImageSelected="">Lights</functionlabel>
        <functionlabel num="1" lockable="true" functionImage="" functionImageSelected="">Sound</functionlabel>
        <functionlabel num="2" lockable="false" functionImage="" functionImageSelected="">Whistle1</functionlabel>
        <functionlabel num="3" lockable="false" functionImage="" functionImageSelected="">F-Coupler</functionlabel>
        <functionlabel num="4" lockable="false" functionImage="" functionImageSelected="">Coupler</functionlabel>
        <functionlabel num="5" lockable="true" functionImage="" functionImageSelected="">Air compressor</functionlabel>
        <functionlabel num="6" lockable="true" functionImage="" functionImageSelected="">Shunting</functionlabel>
        <functionlabel num="7" lockable="true" functionImage="" functionImageSelected="">Head light 2 off</functionlabel>
        <functionlabel num="8" lockable="true" functionImage="" functionImageSelected="">Head light 1 off</functionlabel>
        <functionlabel num="9" lockable="true" functionImage="" functionImageSelected="">Shunting</functionlabel>
        <functionlabel num="10" lockable="true" functionImage="" functionImageSelected="">Cab light</functionlabel>
        <functionlabel num="11" lockable="true" functionImage="" functionImageSelected="">Fan</functionlabel>
        <functionlabel num="12" lockable="false" functionImage="" functionImageSelected="">Whistle2</functionlabel>
      </functionlabels>
      <soundlabels />
    </locomotive>
    <locomotive id="VT98" fileName="VT98_.xml" roadNumber="" roadName="" mfg="Piko" owner="chauens" model="" dccAddress="798" comment="" maxSpeed="100" imageFilePath="" iconFilePath="" URL="" IsShuntingOn="F6">
      <dateUpdated>2021-03-02T14:47:08.178+0000</dateUpdated>
      <decoder model="LokSound V4.0 M4 OEM" family="ESU LokSound V4.0" comment="" />
      <locoaddress>
        <dcclocoaddress number="798" longaddress="yes" />
        <number>798</number>
        <protocol>dcc_long</protocol>
      </locoaddress>
      <functionlabels>
        <functionlabel num="0" lockable="true" functionImage="" functionImageSelected="">Light</functionlabel>
        <functionlabel num="1" lockable="true" functionImage="" functionImageSelected="">Sound</functionlabel>
        <functionlabel num="2" lockable="false" functionImage="" functionImageSelected="">Whistle1</functionlabel>
        <functionlabel num="3" lockable="false" functionImage="" functionImageSelected="">Whistle2</functionlabel>
        <functionlabel num="4" lockable="false" functionImage="" functionImageSelected="">Coupler</functionlabel>
        <functionlabel num="6" lockable="true" functionImage="" functionImageSelected="">Shunting</functionlabel>
      </functionlabels>
      <soundlabels>
        <soundlabel num="25">Random sounds</soundlabel>
        <soundlabel num="26">Automatic brake sound</soundlabel>
        <soundlabel num="27">Gear shift sound</soundlabel>
      </soundlabels>
    </locomotive>
  </roster>
</roster-config>
